,RANK_2025,RANK_2024,Institution_Name,Location,Region,SIZE,FOCUS,RES.,STATUS,Academic_Reputation_Score,Academic_Reputation_Rank,Employer_Reputation_Score,Employer_Reputation_Rank,Faculty_Student_Score,Faculty_Student_Rank,Citations_per_Faculty_Score,Citations_per_Faculty_Rank,International_Faculty_Score,International_Faculty_Rank,International_Students_Score,International_Students_Rank,International_Research_Network_Score,International_Research_Network_Rank,Employment_Outcomes_Score,Employment_Outcomes_Rank,Sustainability_Score,Sustainability_Rank,Overall_Score
0,1.0,1.0,Massachusetts Institute of Technology (MIT) ,United States,Americas,M,CO,VH,B,100.0,4,100.0,2,100.0,11,100.0,9,99.3,100.0,86.8,143.0,96.0,58.0,100.0,8,99.0,15.0,100.0
1,2.0,6.0,Imperial College London,United Kingdom,Europe,L,FC,VH,A,98.5,22,99.5,11,98.2,45,93.9,54,100.0,66.0,99.6,44.0,97.4,34.0,93.4,61,99.7,6.0,98.5
2,3.0,3.0,University of Oxford,United Kingdom,Europe,L,FC,VH,A,100.0,2,100.0,5,100.0,8,84.8,93,98.1,120.0,97.7,73.0,100.0,1.0,100.0,3,85.0,126.0,96.9
3,4.0,4.0,Harvard University,United States,Americas,L,FC,VH,B,100.0,1,100.0,1,96.3,53,100.0,1,74.1,269.0,69.0,215.0,99.6,5.0,100.0,1,84.4,130.0,96.8
4,5.0,2.0,University of Cambridge,United Kingdom,Europe,L,FC,VH,A,100.0,3,100.0,4,100.0,17,84.6,96,100.0,73.0,94.8,98.0,99.3,10.0,100.0,5,84.8,127.0,96.7
5,6.0,5.0,Stanford University,United States,Americas,L,FC,VH,B,100.0,5,100.0,3,100.0,12,99.0,27,70.3,284.0,60.8,244.0,96.8,45.0,100.0,2,81.2,148.0,96.1
6,7.0,7.0,ETH Zurich - Swiss Federal Institute of Technology,Switzerland,Europe,L,FO,VH,A,98.8,19,87.2,57,65.9,199,97.9,35,100.0,25.0,98.6,63.0,95.7,64.0,90.5,73,98.8,18.0,93.9
7,8.0,8.0,National University of Singapore (NUS),Singapore,Asia,XL,FC,VH,A,99.5,15,91.1,48,68.8,189,93.1,61,100.0,41.0,88.9,129.0,91.6,146.0,100.0,6,97.7,26.0,93.7
8,9.0,9.0,UCL,United Kingdom,Europe,XL,FC,VH,A,99.5,14,98.3,18,95.9,56,72.2,145,99.0,106.0,100.0,21.0,99.9,2.0,70.3,157,74.8,190.0,91.6
9,10.0,15.0,California Institute of Technology (Caltech),United States,Americas,S,CO,VH,B,96.5,29,95.3,33,100.0,4,100.0,5,100.0,65.0,79.8,172.0,65.5,549.0,31.0,407,62.5,253.0,90.9
10,11.0,12.0,University of Pennsylvania,United States,Americas,L,FC,VH,B,96.3,31,91.9,45,99.8,28,74.0,138,90.9,188.0,66.2,226.0,91.9,137.0,100.0,7,93.0,71.0,90.3
11,12.0,10.0,"University of California, Berkeley (UCB)",United States,Americas,XL,FC,VH,A,100.0,6,100.0,6,23.5,615,98.2,33,91.5,182.0,61.0,242.0,97.2,39.0,98.4,23,100.0,2.0,90.1
12,13.0,14.0,The University of Melbourne,Australia,Oceania,XL,FC,VH,A,98.5,21,93.9,39,15.4,701,93.0,62,95.1,148.0,99.8,39.0,97.4,33.0,96.5,39,99.6,9.0,88.9
13,14.0,17.0,Peking University,China (Mainland),Asia,XL,FC,VH,A,99.5,13,96.6,28,92.6,75,97.7,40,50.3,365.0,23.6,497.0,79.8,329.0,94.2,56,46.9,330.0,88.5
14,15.0,26.0,"Nanyang Technological University, Singapore (NTU)",Singapore,Asia,L,FC,VH,A,91.9,42,73.3,92,80.6,130,92.4,66,100.0,42.0,83.5,160.0,89.4,178.0,83.9,104,95.6,50.0,88.4
15,16.0,13.0,Cornell University,United States,Americas,L,FC,VH,B,98.3,25,93.1,42,52.7,289,97.5,43,54.2,347.0,63.4,237.0,94.0,99.0,97.1,34,72.1,208.0,87.9
16,17.0,26.0,The University of Hong Kong,Hong Kong SAR,Asia,L,FC,VH,A,97.4,27,59.4,135,81.2,124,86.4,89,100.0,33.0,99.3,52.0,81.4,300.0,99.7,14,89.2,101.0,87.6
17,18.0,19.0,The University of Sydney,Australia,Oceania,XL,FC,VH,A,96.4,30,90.0,51,10.9,701,93.7,56,99.9,87.0,100.0,17.0,95.8,61.0,93.1,63,99.6,7.0,87.3
18,19.0,19.0,The University of New South Wales (UNSW Sydney),Australia,Oceania,XL,FC,VH,A,90.5,43,90.4,50,20.6,660,94.9,49,100.0,57.0,99.4,48.0,98.3,20.0,97.7,29,99.2,11.0,87.1
19,20.0,25.0,Tsinghua University,China (Mainland),Asia,XL,FC,VH,A,99.2,16,97.7,22,95.0,62,99.1,26,18.1,623.0,13.4,654.0,79.2,337.0,92.3,68,40.4,363.0,86.5
20,21.0,11.0,University of Chicago,United States,Americas,L,FC,VH,B,99.1,17,96.4,29,94.2,69,60.8,197,79.0,244.0,87.0,140.0,85.1,245.0,99.1,16,46.9,330.0,86.2
21,22.0,17.0,Princeton University,United States,Americas,M,CO,VH,B,99.8,10,98.3,19,57.0,258,100.0,3,9.6,701.0,56.6,264.0,78.3,354.0,95.7,48,51.5,312.0,85.5
22,23.0,16.0,Yale University,United States,Americas,L,FC,VH,B,99.9,9,99.9,7,100.0,3,38.6,363,91.5,181.0,63.3,238.0,93.9,100.0,98.5,21,92.2,76.0,85.2
23,24.0,24.0,Université PSL,France,Europe,L,CO,VH,A,74.4,81,97.6,23,98.1,46,87.6,85,62.3,315.0,65.0,230.0,99.8,3.0,97.1,33,73.4,197.0,84.7
24,25.0,21.0,University of Toronto,Canada,Americas,XL,FC,VH,A,99.7,11,96.9,27,44.9,344,50.8,257,96.9,132.0,96.1,90.0,97.7,29.0,98.7,19,100.0,1.0,84.1
25,26.0,36.0,EPFL,Switzerland,Europe,M,FO,VH,A,84.2,56,67.2,111,91.2,80,93.6,57,100.0,28.0,100.0,14.0,81.7,291.0,27.2,440,86.7,114.0,83.5
26,27.0,22.0,The University of Edinburgh,United Kingdom,Europe,XL,FC,VH,A,98.3,24,97.2,24,65.5,201,47.7,282,98.7,111.0,99.8,41.0,99.5,7.0,55.9,222,99.0,15.0,83.3
27,28.0,37.0,Technical University of Munich,Germany,Europe,XL,FO,VH,A,83.0,61,98.6,17,76.8,155,75.9,133,80.4,236.0,98.6,64.0,95.6,68.0,34.5,365,93.1,70.0,83.2
28,29.0,30.0,McGill University,Canada,Americas,L,FC,VH,A,94.3,34,87.6,56,62.3,224,57.9,212,83.7,225.0,89.6,124.0,94.2,94.0,98.3,24,99.1,13.0,83.0
29,30.0,34.0,The Australian National University,Australia,Oceania,L,FC,VH,A,93.8,36,75.4,85,34.6,457,84.6,97,100.0,52.0,96.2,89.0,91.4,151.0,56.6,216,97.1,30.0,82.4
30,31.0,41.0,Seoul National University,South Korea,Asia,L,FC,VH,A,98.5,20,98.6,16,83.1,117,71.7,151,10.5,701.0,16.9,586.0,73.2,435.0,100.0,4,96.0,46.0,82.3
31,32.0,28.0,Johns Hopkins University,United States,Americas,L,FC,VH,B,86.0,53,62.6,129,100.0,7,84.2,99,63.7,307.0,95.8,92.0,98.7,15.0,71.5,152,61.9,258.0,82.1
32,32.0,28.0,The University of Tokyo,Japan,Asia,L,FC,VH,A,100.0,7,99.8,9,89.3,89,57.3,215,10.1,701.0,29.7,432.0,87.4,207.0,99.9,10,98.3,22.0,82.1
33,34.0,23.0,Columbia University,United States,Americas,XL,FC,VH,B,99.6,12,98.8,15,100.0,16,31.7,417,41.5,413.0,97.0,79.0,98.5,19.0,99.9,9,71.8,211.0,82.0
34,34.0,32.0,The University of Manchester,United Kingdom,Europe,XL,FC,VH,A,95.6,33,98.1,20,51.3,297,45.1,307,93.1,169.0,99.2,55.0,99.2,12.0,87.6,90,99.8,3.0,82.0
35,36.0,47.0,The Chinese University of Hong Kong (CUHK),Hong Kong SAR,Asia,L,FC,VH,A,86.7,51,53.3,159,64.2,212,92.9,64,100.0,58.0,87.5,137.0,74.2,419.0,89.0,82,86.7,114.0,81.3
36,37.0,42.0,Monash University,Australia,Oceania,XL,FC,VH,A,89.2,47,79.6,78,9.4,701,87.6,84,100.0,59.0,100.0,24.0,94.8,81.0,79.4,126,98.2,23.0,81.2
37,38.0,34.0,University of British Columbia,Canada,Americas,XL,FC,VH,A,98.3,23,94.3,36,34.5,459,57.7,214,95.5,142.0,72.8,200.0,96.2,53.0,74.6,141,99.8,4.0,81.0
38,39.0,50.0,Fudan University,China (Mainland),Asia,XL,FC,VH,A,85.7,54,87.8,55,79.7,140,80.7,107,88.4,201.0,35.1,390.0,67.2,519.0,64.4,183,82.7,142.0,80.3
39,40.0,40.0,King's College London,United Kingdom,Europe,XL,FC,VH,A,90.3,44,85.7,64,64.3,210,53.6,238,99.1,103.0,99.5,47.0,98.6,17.0,59.8,205,96.2,44.0,80.2
40,40.0,43.0,The University of Queensland,Australia,Oceania,XL,FC,VH,A,86.7,50,74.0,89,21.2,653,90.2,75,100.0,54.0,100.0,23.0,96.7,47.0,56.7,214,96.7,36.0,80.2
41,42.0,29.0,"University of California, Los Angeles (UCLA)",United States,Americas,XL,FC,VH,A,100.0,8,99.8,8,35.4,448,74.0,137,42.2,407.0,22.3,515.0,95.5,69.0,94.7,53,67.1,232.0,79.8
42,43.0,38.0,New York University (NYU),United States,Americas,XL,FC,VH,B,96.3,32,98.8,14,90.5,83,28.6,453,30.2,492.0,98.1,68.0,92.6,126.0,98.4,22,95.4,55.0,79.6
43,44.0,33.0,University of Michigan-Ann Arbor,United States,Americas,XL,FC,VH,A,97.9,26,92.1,43,80.3,133,47.6,284,65.5,299.0,39.2,359.0,95.8,63.0,94.5,55,62.2,254.0,79.0
44,45.0,51.0,Shanghai Jiao Tong University,China (Mainland),Asia,XL,FC,VH,A,84.0,57,86.3,62,58.6,251,99.6,17,23.1,558.0,19.6,553.0,73.7,424.0,73.5,144,80.3,154.0,77.8
45,46.0,38.0,Institut Polytechnique de Paris,France,Europe,M,CO,VH,A,44.7,189,99.6,10,95.9,55,86.1,92,99.1,104.0,98.0,71.0,89.6,173.0,97.7,31,54.8,289.0,77.5
46,47.0,60.0,The Hong Kong University of Science and Technology,Hong Kong SAR,Asia,M,FO,VH,A,81.1,68,50.3,179,56.7,261,99.7,16,100.0,22.0,95.4,94.0,46.7,701.0,65.4,180,77.6,170.0,77.1
47,47.0,44.0,Zhejiang University,China (Mainland),Asia,XL,FC,VH,A,75.3,79,95.4,32,54.7,277,99.5,19,95.0,149.0,15.9,608.0,91.8,138.0,55.5,224,30.7,440.0,77.1
48,49.0,47.0,Delft University of Technology,Netherlands,Europe,L,CO,VH,A,74.4,82,83.0,66,39.4,396,79.7,110,100.0,69.0,91.4,117.0,93.7,105.0,54.8,227,99.1,14.0,77.0
49,50.0,46.0,Kyoto University,Japan,Asia,L,FC,VH,A,98.8,18,99.0,13,94.2,68,39.3,357,15.9,653.0,19.0,566.0,85.7,236.0,72.8,147,85.2,124.0,76.0
50,50.0,47.0,Northwestern University,United States,Americas,L,FC,VH,B,84.0,58,68.0,107,97.6,48,67.7,161,45.4,393.0,52.0,283.0,89.4,179.0,96.8,37,55.4,285.0,76.0
51,50.0,45.0,The London School of Economics and Political Science (LSE),United Kingdom,Europe,L,SP,VH,A,67.2,101,97.0,26,35.1,452,69.4,158,100.0,40.0,100.0,12.0,81.2,305.0,99.6,15,91.3,85.0,76.0
52,53.0,56.0,KAIST - Korea Advanced Institute of Science & Technology,South Korea,Asia,M,CO,VH,A,87.7,48,91.0,49,60.2,238,96.2,46,21.1,587.0,10.9,701.0,46.8,701.0,63.3,187,60.3,268.0,75.7
53,54.0,55.0,University of Bristol,United Kingdom,Europe,L,FC,VH,A,75.8,78,82.5,69,36.7,437,75.9,134,87.5,206.0,89.8,121.0,94.6,84.0,51.2,250,98.9,17.0,75.4
54,55.0,53.0,University of Amsterdam,Netherlands,Europe,XL,FC,VH,A,83.8,60,52.1,163,21.4,648,92.2,67,96.0,139.0,87.5,138.0,96.3,50.0,79.8,124,38.2,384.0,73.7
55,56.0,76.0,Yonsei University,South Korea,Asia,L,FC,VH,B,81.5,67,97.0,25,84.2,112,44.1,312,20.7,590.0,51.2,287.0,78.7,343.0,87.8,88,88.9,103.0,72.9
56,57.0,65.0,The Hong Kong Polytechnic University,Hong Kong SAR,Asia,L,CO,VH,A,68.0,99,35.6,265,65.0,204,94.9,51,100.0,39.0,91.9,110.0,78.9,338.0,64.5,181,77.4,173.0,72.1
57,58.0,52.0,Carnegie Mellon University,United States,Americas,L,FC,VH,B,69.8,92,80.1,75,40.9,383,98.9,28,33.7,472.0,99.1,58.0,79.9,324.0,61.5,196,24.5,492.0,72.0
58,59.0,54.0,Ludwig-Maximilians-Universität München,Germany,Europe,XL,FC,VH,A,92.2,41,86.6,59,38.5,410,50.0,262,75.1,262.0,37.6,374.0,95.5,71.0,66.9,173,62.2,254.0,71.6
59,60.0,65.0,Universiti Malaya (UM),Malaysia,Asia,L,FC,VH,A,82.9,62,95.1,34,75.7,163,29.1,447,60.2,324.0,64.2,234.0,91.8,140.0,69.3,163,83.6,132.0,71.2
60,61.0,57.0,Duke University,United States,Americas,L,FC,VH,B,86.0,52,74.7,86,100.0,6,35.1,382,16.3,647.0,61.0,243.0,93.3,111.0,85.5,99,75.0,186.0,70.8
61,62.0,70.0,City University of Hong Kong,Hong Kong SAR,Asia,M,CO,VH,A,60.9,120,30.8,305,89.5,88,100.0,6,100.0,13.0,100.0,7.0,62.9,588.0,37.5,342,72.9,201.0,70.7
62,63.0,61.0,KU Leuven,Belgium,Europe,XL,FC,VH,A,84.6,55,49.6,181,7.1,701,91.0,72,93.8,163.0,47.7,305.0,99.5,8.0,75.3,139,51.2,313.0,70.3
63,63.0,59.0,Sorbonne University,France,Europe,XL,FC,VH,A,87.2,49,52.0,166,43.0,363,72.3,144,33.8,471.0,46.7,315.0,99.8,4.0,79.7,125,87.6,111.0,70.3
64,65.0,68.0,The University of Auckland,New Zealand,Oceania,XL,FC,VH,A,82.2,65,44.7,205,15.5,701,66.9,166,100.0,76.0,84.0,156.0,87.4,206.0,92.9,64,99.7,5.0,69.7
65,66.0,58.0,University of Texas at Austin,United States,Americas,XL,FC,VH,A,93.5,38,86.6,60,8.1,701,76.7,128,6.1,701.0,11.7,685.0,91.7,144.0,81.7,113,52.1,305.0,69.5
66,67.0,79.0,Korea University,South Korea,Asia,L,FC,VH,B,78.2,72,93.8,40,73.0,178,45.0,308,15.2,665.0,45.7,321.0,65.7,547.0,89.0,81,85.2,124.0,69.0
67,68.0,69.0,National Taiwan University (NTU),Taiwan,Asia,XL,FC,VH,A,93.4,39,92.1,44,25.5,583,44.3,310,16.7,644.0,27.4,451.0,71.5,459.0,99.9,11,90.0,94.0,68.7
68,69.0,67.0,The University of Warwick,United Kingdom,Europe,L,FC,VH,A,72.2,86,86.4,61,35.5,445,37.7,367,98.1,119.0,99.1,57.0,94.2,92.0,65.7,175,89.7,98.0,68.2
69,69.0,64.0,University of Illinois at Urbana-Champaign,United States,Americas,XL,FC,VH,A,83.9,59,75.7,84,6.4,701,77.5,124,14.0,686.0,56.3,266.0,90.4,165.0,81.7,114,65.0,241.0,68.2
70,71.0,95.0,Universidad de Buenos Aires (UBA),Argentina,Americas,XL,FC,VH,A,94.1,35,94.1,38,71.7,183,1.6,701,63.9,305.0,64.6,232.0,73.4,430.0,99.8,13,51.8,310.0,67.6
71,72.0,62.0,"University of California, San Diego (UCSD)",United States,Americas,XL,FC,VH,A,89.3,45,57.8,140,50.8,304,67.0,165,54.6,342.0,44.3,328.0,95.5,70.0,21.7,525,44.3,348.0,67.1
72,73.0,71.0,Université Paris-Saclay,France,Europe,XL,CO,VH,A,60.7,121,99.1,12,99.8,25,35.0,384,35.7,448.0,58.6,253.0,98.6,16.0,70.8,155,72.6,202.0,67.0
73,74.0,73.0,KTH Royal Institute of Technology ,Sweden,Europe,L,FO,VH,A,45.2,186,55.6,149,62.3,225,86.1,91,92.0,175.0,65.9,227.0,91.1,155.0,62.4,191,94.8,58.0,65.7
74,75.0,85.0,Lund University,Sweden,Europe,L,FC,VH,A,68.3,96,52.5,160,55.5,271,44.6,309,97.4,124.0,73.4,198.0,96.7,48.0,86.5,95,99.6,8.0,65.6
75,76.0,63.0,University of Washington,United States,Americas,XL,FC,VH,A,81.9,66,55.5,150,28.6,542,78.8,119,11.0,701.0,32.8,407.0,95.6,67.0,68.7,170,66.5,235.0,65.3
76,77.0,72.0,The University of Western Australia,Australia,Oceania,L,FC,VH,A,55.5,141,41.8,225,13.1,701,98.8,30,100.0,37.0,99.8,40.0,94.2,95.0,78.0,128,50.8,315.0,65.2
77,78.0,76.0,University of Glasgow,United Kingdom,Europe,XL,FC,VH,A,77.4,75,67.7,110,38.0,418,32.5,405,95.7,141.0,99.4,49.0,97.6,30.0,33.5,378,98.5,20.0,65.0
78,79.0,73.0,Brown University,United States,Americas,M,FC,VH,B,59.9,123,49.6,180,77.7,151,76.4,130,79.9,239.0,50.9,289.0,83.2,277.0,63.6,186,46.6,333.0,64.7
79,80.0,84.0,University of Birmingham,United Kingdom,Europe,XL,FC,VH,A,68.9,94,69.0,105,39.0,402,40.5,348,92.6,171.0,89.3,127.0,97.5,31.0,44.5,285,96.8,35.0,64.1
80,80.0,81.0,University of Southampton,United Kingdom,Europe,L,FC,VH,A,50.1,161,44.3,208,40.7,385,83.4,100,92.5,173.0,98.0,70.0,97.1,40.0,49.2,261,96.9,34.0,64.1
81,82.0,89.0,The University of Adelaide,Australia,Oceania,L,FC,VH,A,56.0,138,38.9,242,17.9,701,87.0,86,100.0,78.0,99.3,53.0,93.6,108.0,51.5,246,95.7,49.0,63.8
82,82.0,75.0,University of Leeds,United Kingdom,Europe,XL,FC,VH,A,70.5,91,75.9,83,36.4,438,39.8,355,82.5,230.0,88.5,132.0,98.8,14.0,50.9,251,71.8,211.0,63.8
83,84.0,87.0,Ruprecht-Karls-Universität Heidelberg,Germany,Europe,L,FO,VH,A,76.9,76,59.4,136,99.4,32,32.7,401,54.2,346.0,53.6,275.0,94.5,88.0,25.2,463,77.6,170.0,63.7
84,84.0,91.0,Tokyo Institute of Technology (Tokyo Tech),Japan,Asia,M,FO,VH,A,75.1,80,94.1,37,84.1,114,43.1,320,23.4,556.0,30.5,424.0,61.2,613.0,23.7,475,62.2,254.0,63.7
85,86.0,80.0,Osaka University,Japan,Asia,L,FC,VH,A,82.4,64,87.0,58,45.2,343,54.9,232,23.9,549.0,12.2,675.0,68.2,512.0,33.0,387,68.0,228.0,63.5
86,87.0,81.0,"Trinity College Dublin, The University of Dublin",Ireland,Europe,L,FC,VH,A,69.5,93,47.4,195,20.2,668,58.4,210,99.3,101.0,88.0,133.0,91.3,153.0,88.6,83,57.7,276.0,62.9
87,88.0,90.0,University of Technology Sydney,Australia,Oceania,L,CO,VH,A,43.9,194,55.0,153,9.8,701,97.7,39,96.6,133.0,86.0,145.0,91.4,150.0,40.2,318,96.3,43.0,62.4
88,89.0,78.0,Durham University,United Kingdom,Europe,L,FC,VH,A,59.6,126,83.9,65,26.3,567,40.9,342,97.3,125.0,84.9,153.0,89.7,172.0,39.4,326,98.6,19.0,61.7
89,89.0,83.0,Pennsylvania State University,United States,Americas,XL,FC,VH,A,76.6,77,64.5,121,25.0,592,55.4,226,25.1,533.0,28.0,446.0,97.9,28.0,61.9,193,96.5,37.0,61.7
90,89.0,99.0,Purdue University,United States,Americas,XL,FC,VH,A,63.3,107,81.1,71,11.4,701,54.3,235,79.6,242.0,45.2,325.0,92.9,123.0,63.1,188,90.1,93.0,61.7
91,92.0,85.0,Universidade de São Paulo,Brazil,Americas,XL,FC,VH,A,92.8,40,74.6,87,21.4,646,28.5,456,6.8,701.0,2.1,701.0,95.9,60.0,97.9,27,93.6,67.0,61.6
92,93.0,103.0,Pontificia Universidad Católica de Chile (UC),Chile,Americas,L,FC,VH,B,93.7,37,98.0,21,23.7,614,8.8,701,26.0,524.0,3.7,701.0,82.5,285.0,99.9,12,79.3,159.0,61.5
93,94.0,87.0,Lomonosov Moscow State University,Russia,Europe,XL,FC,VH,A,78.0,73,82.3,70,99.7,30,4.1,701,19.7,604.0,91.5,114.0,88.1,196.0,95.8,47,3.5,701.0,61.4
94,94.0,93.0,Universidad Nacional Autónoma de México (UNAM),Mexico,Americas,XL,FC,VH,A,97.0,28,94.4,35,37.4,430,2.4,701,7.5,701.0,2.3,701.0,93.2,112.0,93.2,62,83.4,136.0,61.4
95,96.0,111.0,University of Alberta,Canada,Americas,XL,FC,VH,A,57.0,136,42.2,222,39.1,400,61.3,194,98.3,116.0,71.0,207.0,96.0,55.0,70.0,159,97.6,28.0,61.2
96,97.0,98.0,Freie Universitaet Berlin,Germany,Europe,L,FC,VH,A,80.3,71,56.9,143,5.0,701,71.7,150,62.4,314.0,43.7,330.0,93.1,113.0,32.8,389,31.3,435.0,60.6
97,98.0,100.0,Pohang University of Science And Technology (POSTECH),South Korea,Asia,S,FO,VH,B,45.9,178,80.0,76,99.9,24,96.9,45,27.6,511.0,2.7,701.0,26.6,701.0,11.0,701,36.6,393.0,60.3
98,99.0,106.0,RWTH Aachen University,Germany,Europe,XL,FC,VH,A,46.6,173,93.7,41,6.3,701,71.9,149,48.6,373.0,85.5,149.0,86.1,233.0,33.4,379,84.8,127.0,59.9
99,100.0,107.0,University of Copenhagen,Denmark,Europe,XL,FC,VH,A,74.0,83,31.6,299,99.8,27,23.1,519,84.9,221.0,15.6,613.0,98.2,22.0,90.8,72,73.2,198.0,59.6
100,101.0,180.0,King Fahd University of Petroleum & Minerals,Saudi Arabia,Asia,M,FO,VH,A,38.0,226,46.5,198,86.0,101,78.0,121,100.0,26.0,47.6,307.0,73.9,422.0,97.8,28,20.1,530.0,59.5
101,102.0,119.0,"KIT, Karlsruhe Institute of Technology",Germany,Europe,L,CO,VH,A,44.9,188,80.9,74,39.4,395,68.4,160,70.5,282.0,42.9,337.0,86.4,225.0,50.8,252,75.3,184.0,59.4
102,103.0,105.0,Uppsala University,Sweden,Europe,L,FC,VH,A,61.4,115,33.7,277,52.0,292,42.3,326,99.4,99.0,81.1,170.0,96.7,49.0,68.4,171,99.2,11.0,59.3
103,104.0,95.0,University of St Andrews,United Kingdom,Europe,M,FO,VH,A,46.5,174,63.2,126,64.7,206,49.2,272,98.4,113.0,100.0,29.0,83.8,266.0,18.5,594,91.1,86.0,59.2
104,105.0,104.0,The University of Sheffield,United Kingdom,Europe,L,FC,VH,A,58.3,132,48.7,187,52.5,290,43.9,313,83.3,228.0,96.8,80.0,95.8,62.0,33.8,374,97.7,24.0,59.1
105,105.0,107.0,Utrecht University,Netherlands,Europe,XL,FC,VH,A,66.5,103,38.8,244,31.0,508,79.5,112,55.7,337.0,19.4,559.0,97.3,37.0,54.7,228,61.9,258.0,59.1
106,107.0,113.0,Tohoku University,Japan,Asia,L,FC,VH,A,73.8,84,82.8,67,97.8,47,23.9,510,14.1,682.0,11.4,689.0,68.3,510.0,22.6,507,78.6,164.0,58.8
107,108.0,100.0,University of Nottingham,United Kingdom,Europe,XL,FC,VH,A,61.1,117,65.8,116,32.8,481,37.6,368,89.4,194.0,70.5,208.0,98.0,25.0,38.0,339,97.0,33.0,58.5
108,109.0,121.0,Technical University of Denmark,Denmark,Europe,M,FO,VH,A,33.2,265,22.1,421,99.1,34,84.4,98,100.0,55.0,87.7,135.0,88.1,194.0,43.6,293,47.9,328.0,58.3
109,109.0,91.0,University of Zurich,Switzerland,Europe,L,FO,VH,A,59.9,124,26.4,361,92.2,78,40.1,352,100.0,71.0,42.8,338.0,94.3,90.0,88.6,84,58.7,273.0,58.3
110,111.0,123.0,Politecnico di Milano,Italy,Europe,XL,FO,VH,A,70.8,90,77.0,82,5.8,701,40.2,351,67.4,292.0,56.8,262.0,88.1,197.0,52.9,239,72.6,202.0,58.2
111,108.0,93.0,Boston University,United States,Americas,L,FC,VH,B,61.9,111,69.1,104,38.3,413,41.3,336,34.3,468.0,88.9,130.0,86.9,216.0,77.2,132,65.9,236.0,58.6
112,113.0,109.0,Aalto University,Finland,Europe,L,FO,VH,A,45.7,180,40.6,231,33.2,476,73.6,141,95.2,146.0,40.1,354.0,78.2,355.0,95.1,52,94.7,59.0,57.9
113,114.0,97.0,Georgia Institute of Technology,United States,Americas,XL,CO,VH,A,67.1,102,82.6,68,20.3,665,52.8,243,21.3,584.0,66.4,224.0,75.5,397.0,43.1,298,39.5,371.0,57.3
114,115.0,112.0,University of Waterloo,Canada,Americas,XL,CO,VH,A,40.4,211,64.2,124,6.5,701,78.9,118,75.8,257.0,71.3,206.0,84.6,256.0,58.9,209,93.3,68.0,57.2
115,116.0,102.0,University of Wisconsin-Madison,United States,Americas,XL,FC,VH,A,77.7,74,47.8,193,74.3,170,23.7,513,35.3,454.0,23.6,498.0,91.6,149.0,81.6,116,59.6,269.0,57.1
116,117.0,115.0,University of Helsinki,Finland,Europe,L,CO,VH,A,62.3,110,29.1,324,59.4,246,49.6,267,73.4,272.0,5.7,701.0,96.9,43.0,90.5,74,94.5,60.0,56.8
117,118.0,149.0,Indian Institute of Technology Bombay (IITB),India,Asia,L,FO,VH,A,58.5,131,86.0,63,14.4,701,79.1,116,4.3,701.0,1.3,701.0,52.3,701.0,64.5,182,52.5,302.0,56.3
118,119.0,117.0,University of Oslo,Norway,Europe,L,FC,VH,A,55.6,139,16.0,534,73.8,175,55.7,225,91.6,180.0,31.7,416.0,97.3,35.0,80.9,121,72.1,208.0,56.1
119,120.0,145.0,Queen Mary University of London,United Kingdom,Europe,L,FC,VH,A,48.3,170,36.9,254,30.4,515,62.8,184,99.5,96.0,99.2,54.0,92.5,127.0,21.4,534,95.6,54.0,55.8
120,120.0,114.0,Western University,Canada,Americas,XL,FC,VH,A,32.6,270,38.9,243,3.3,701,93.4,60,99.8,94.0,49.5,299.0,81.5,296.0,96.7,38,99.3,10.0,55.8
121,122.0,173.0,Qatar University,Qatar,Asia,M,FC,VH,A,29.8,297,50.6,175,68.1,191,48.2,277,100.0,24.0,96.5,83.0,89.4,177.0,98.6,20,74.0,196.0,55.7
122,123.0,140.0,RMIT University,Australia,Oceania,XL,CO,VH,A,40.4,210,48.0,192,5.2,701,77.7,122,100.0,45.0,91.4,116.0,83.2,276.0,38.4,334,93.9,62.0,55.5
123,123.0,145.0,Sungkyunkwan University(SKKU),South Korea,Asia,L,FC,VH,B,57.9,134,70.7,100,80.5,131,41.3,338,17.5,632.0,41.7,341.0,54.2,701.0,36.5,348,79.1,161.0,55.5
124,125.0,116.0,University of Southern California,United States,Americas,XL,FC,VH,B,50.4,160,54.5,156,17.3,701,58.0,211,26.0,523.0,74.1,192.0,85.8,235.0,92.6,66,97.7,24.0,55.2
125,126.0,120.0,Humboldt-Universität zu Berlin,Germany,Europe,XL,FC,VH,A,89.2,46,69.9,102,7.4,701,27.0,476,69.1,288.0,35.1,391.0,93.1,114.0,19.0,580,19.9,535.0,55.0
126,126.0,171.0,University College Dublin,Ireland,Europe,L,FC,VH,A,51.4,158,43.5,210,16.6,701,46.4,298,99.1,105.0,74.8,188.0,87.2,212.0,89.8,77,95.6,50.0,55.0
127,128.0,118.0,Stockholm University,Sweden,Europe,L,CO,VH,A,52.5,155,21.0,436,26.7,563,64.5,174,80.7,235.0,89.8,122.0,95.7,65.0,86.6,94,58.7,273.0,54.8
128,129.0,110.0,Newcastle University,United Kingdom,Europe,L,FC,VH,A,50.0,164,59.3,137,39.2,399,38.7,362,89.5,193.0,68.6,217.0,97.1,42.0,31.3,403,97.1,30.0,54.5
129,130.0,118.0,"University of California, Davis",United States,Americas,XL,FC,VH,A,63.0,109,48.0,191,23.5,617,52.5,246,72.7,275.0,51.3,286.0,90.6,163.0,22.8,501,76.1,178.0,54.4
130,131.0,124.0,University of Basel,Switzerland,Europe,M,FC,VH,A,26.6,331,13.5,601,61.4,232,94.5,53,100.0,44.0,85.8,147.0,89.4,176.0,69.9,160,44.6,343.0,54.3
131,132.0,134.0,Sapienza University of Rome,Italy,Europe,XL,FC,VH,A,80.7,70,48.5,189,5.0,701,45.3,305,3.1,701.0,8.0,701.0,97.1,41.0,88.0,87,72.3,205.0,54.2
132,133.0,154.0,Alma Mater Studiorum - University of Bologna,Italy,Europe,XL,FC,VH,A,80.8,69,47.8,194,3.7,701,46.6,296,14.5,672.0,12.3,672.0,96.0,56.0,53.8,232,88.4,108.0,54.1
133,133.0,130.0,Macquarie University,Australia,Oceania,L,FC,VH,A,33.4,262,39.2,241,9.1,701,79.6,111,99.9,88.0,91.6,112.0,90.9,157.0,54.1,231,95.0,57.0,54.1
134,133.0,137.0,University of Science and Technology of China,China (Mainland),Asia,L,CO,VH,A,50.0,162,23.7,402,94.7,63,97.7,38,11.6,701.0,5.1,701.0,75.7,393.0,31.9,395,11.9,622.0,54.1
135,136.0,124.0,Eindhoven University of Technology,Netherlands,Europe,M,FO,VH,A,28.7,306,72.1,96,35.7,442,79.3,114,100.0,75.0,82.7,164.0,70.8,472.0,24.2,468,29.8,445.0,54.0
136,137.0,130.0,University of Vienna,Austria,Europe,XL,FC,VH,A,70.9,89,40.4,235,23.2,619,13.0,667,100.0,70.0,92.0,109.0,96.0,57.0,89.7,78,60.9,265.0,53.9
137,138.0,159.0,Universiti Kebangsaan Malaysia (UKM),Malaysia,Asia,L,FC,VH,A,61.7,113,66.4,114,80.4,132,14.1,651,45.7,392.0,78.8,175.0,83.7,269.0,22.5,510,64.4,243.0,53.8
138,139.0,129.0,Chalmers University of Technology,Sweden,Europe,M,FO,VH,B,26.3,338,50.4,177,50.5,306,77.4,125,100.0,56.0,63.1,240.0,77.0,378.0,31.7,399,87.0,113.0,53.7
139,139.0,159.0,Universidad de Chile,Chile,Americas,XL,FC,VH,A,82.8,63,90.0,52,8.0,701,11.2,701,8.5,701.0,4.5,701.0,77.1,377.0,96.1,42,64.1,245.0,53.7
140,141.0,122.0,Lancaster University,United Kingdom,Europe,L,FC,VH,A,38.9,222,36.7,255,27.7,551,69.6,157,93.3,166.0,92.3,105.0,89.7,171.0,28.8,431,96.2,44.0,53.6
141,141.0,126.0,Leiden University,Netherlands,Europe,XL,FC,VH,A,68.4,95,32.9,288,21.3,649,54.5,234,85.0,220.0,51.7,284.0,95.2,72.0,48.8,263,25.5,488.0,53.6
142,141.0,145.0,Rice University,United States,Americas,M,CO,VH,B,39.1,220,27.3,350,62.5,222,87.9,83,77.5,247.0,94.1,99.0,62.2,602.0,29.5,421,20.6,529.0,53.6
143,144.0,143.0,Aarhus University,Denmark,Europe,L,FC,VH,A,54.7,144,27.6,349,30.8,509,63.8,177,89.8,192.0,11.9,682.0,96.1,54.0,69.5,162,76.4,176.0,53.3
144,145.0,141.0,Nanjing University,China (Mainland),Asia,XL,FC,VH,A,57.1,135,32.5,290,35.6,443,93.0,63,61.9,317.0,7.6,701.0,67.1,520.0,29.0,430,16.5,567.0,53.0
145,146.0,137.0,Universiti Sains Malaysia (USM),Malaysia,Asia,L,FC,VH,A,63.3,106,69.7,103,46.4,331,19.6,560,24.3,545.0,96.4,87.0,87.8,200.0,20.1,561,71.2,214.0,52.7
146,147.0,154.0,Technische Universität Berlin (TU Berlin),Germany,Europe,L,CO,VH,A,55.3,142,74.3,88,58.0,252,22.1,530,63.2,311.0,74.8,187.0,86.1,232.0,37.7,341,35.4,400.0,52.5
147,148.0,158.0,Universiti Putra Malaysia (UPM),Malaysia,Asia,L,FC,VH,A,61.0,118,61.9,131,58.8,250,25.7,490,36.1,441.0,92.0,108.0,80.5,314.0,17.5,607,53.5,295.0,52.3
148,149.0,143.0,King Abdulaziz University (KAU),Saudi Arabia,Asia,XL,FC,VH,A,59.8,125,61.4,133,41.6,374,34.4,387,89.3,195.0,9.5,701.0,93.1,118.0,35.9,353,58.4,275.0,52.2
149,150.0,197.0,Indian Institute of Technology Delhi (IITD),India,Asia,M,FO,VH,A,54.1,147,80.9,73,17.3,701,77.4,126,3.1,701.0,1.5,701.0,63.3,582.0,35.1,361,32.7,424.0,52.1
150,150.0,148.0,University of Bath,United Kingdom,Europe,L,CO,VH,A,35.8,245,67.9,109,18.3,701,52.0,250,94.3,159.0,80.0,171.0,84.2,259.0,35.2,360,90.4,92.0,52.1
151,152.0,136.0,Michigan State University,United States,Americas,XL,FC,VH,A,59.5,127,48.6,188,11.4,701,50.3,259,54.5,344.0,12.4,668.0,97.5,32.0,57.1,211,96.3,41.0,51.9
152,152.0,176.0,Nagoya University,Japan,Asia,L,FC,VH,A,63.2,108,65.8,117,84.7,107,25.4,494,14.5,671.0,19.6,550.0,64.8,559.0,21.5,533,75.0,186.0,51.9
153,154.0,134.0,Texas A&M University,United States,Americas,XL,FC,VH,A,61.2,116,66.0,115,4.4,701,64.3,176,21.9,569.0,12.1,678.0,92.6,125.0,44.4,287,39.5,371.0,51.8
154,155.0,128.0,University of Geneva,Switzerland,Europe,L,FC,VH,A,45.5,183,17.2,499,40.4,387,62.4,189,100.0,51.0,97.6,74.0,94.2,93.0,49.5,258,42.3,355.0,51.6
155,155.0,132.0,"University of North Carolina, Chapel Hill",United States,Americas,XL,FC,VH,A,61.4,114,36.5,258,72.9,179,47.2,288,23.5,555.0,11.1,696.0,91.6,147.0,55.2,225,44.6,343.0,51.6
156,155.0,151.0,Wageningen University & Research,Netherlands,Europe,L,CO,VH,A,42.1,204,23.8,401,98.6,43,41.3,336,59.4,328.0,81.2,169.0,97.9,27.0,21.1,542,92.3,75.0,51.6
157,158.0,176.0,Erasmus University Rotterdam ,Netherlands,Europe,L,FO,VH,A,37.0,233,58.2,139,18.1,701,63.3,182,76.0,256.0,70.0,211.0,85.4,240.0,89.3,80,28.7,455.0,51.5
158,159.0,141.0,Université de Montréal ,Canada,Americas,XL,FC,VH,A,55.5,140,32.8,289,76.0,160,19.3,566,87.6,205.0,54.1,273.0,84.9,247.0,54.2,229,91.4,81.0,51.3
159,159.0,139.0,University of Groningen,Netherlands,Europe,XL,FC,VH,A,52.3,156,34.4,275,49.3,318,41.2,339,93.2,168.0,83.5,161.0,94.1,97.0,40.0,319,40.1,368.0,51.3
160,161.0,126.0,University of Bern,Switzerland,Europe,M,FO,VH,A,29.7,298,16.1,530,45.9,338,99.3,22,100.0,48.0,38.0,370.0,93.8,103.0,30.7,410,52.1,305.0,51.2
161,162.0,164.0,Hanyang University,South Korea,Asia,L,FC,VH,B,43.0,199,78.0,81,77.1,153,28.5,458,17.4,636.0,57.6,257.0,63.0,584.0,43.3,295,85.8,121.0,51.1
162,163.0,230.0,Al-Farabi Kazakh National University,Kazakhstan,Asia,L,FC,HI,A,54.2,146,79.6,77,99.3,33,1.4,701,49.0,370.0,54.2,272.0,64.7,561.0,59.6,206,29.8,445.0,51.0
163,164.0,171.0,Complutense University of Madrid,Spain,Europe,XL,FC,VH,A,68.1,98,68.1,106,28.7,538,7.9,701,10.5,701.0,34.3,395.0,91.8,139.0,96.3,41,88.9,103.0,50.9
164,165.0,164.0,Universitat de Barcelona,Spain,Europe,XL,FC,VH,A,73.7,85,30.3,312,12.4,701,38.1,364,23.1,559.0,26.3,461.0,96.8,44.0,71.5,153,92.2,76.0,50.7
165,165.0,176.0,University of Liverpool,United Kingdom,Europe,L,FC,VH,A,46.1,176,39.4,239,37.8,422,36.6,373,88.3,203.0,85.4,150.0,97.2,38.0,36.3,351,95.6,50.0,50.7
166,167.0,164.0,Kyushu University,Japan,Asia,L,FC,VH,A,58.3,133,66.5,113,78.4,149,27.9,466,18.7,613.0,14.1,640.0,69.9,488.0,15.1,657,77.6,170.0,50.3
167,167.0,162.0,University of Wollongong,Australia,Oceania,L,FC,VH,A,29.5,300,24.5,393,17.0,701,94.6,52,91.8,178.0,56.3,265.0,89.0,185.0,18.3,596,93.9,62.0,50.3
168,169.0,159.0,Ghent University,Belgium,Europe,XL,FC,VH,A,53.2,150,24.8,384,78.5,148,21.5,538,79.7,241.0,21.4,522.0,99.5,9.0,72.9,145,98.3,21.0,50.1
169,169.0,153.0,The University of Exeter,United Kingdom,Europe,L,FC,VH,A,42.9,200,45.0,203,30.2,518,42.5,324,91.0,187.0,72.2,202.0,95.1,74.0,30.1,417,97.1,30.0,50.1
170,171.0,173.0,University of Cape Town,South Africa,Africa,L,FC,VH,A,45.2,185,51.8,170,13.8,701,46.8,294,56.5,335.0,19.2,563.0,97.3,36.0,95.8,46,95.6,50.0,50.0
171,172.0,169.0,University of Reading,United Kingdom,Europe,L,CO,VH,A,32.2,273,41.7,226,13.1,701,65.7,169,86.2,214.0,78.6,177.0,91.7,142.0,47.8,268,94.0,61.0,49.9
172,173.0,196.0,Hokkaido University,Japan,Asia,L,FC,VH,A,59.0,128,63.3,125,76.2,158,26.0,485,18.7,613.0,12.1,677.0,77.7,365.0,15.5,645,78.1,168.0,49.8
173,174.0,183.0,Curtin University,Australia,Oceania,L,CO,VH,A,33.1,266,27.7,348,15.7,701,84.7,95,100.0,49.0,24.3,485.0,94.2,96.0,31.0,405,90.7,89.0,49.3
174,175.0,149.0,Universitat Autònoma de Barcelona,Spain,Europe,XL,FC,VH,A,64.0,105,35.8,263,11.5,701,59.5,206,18.5,620.0,16.5,595.0,93.1,116.0,24.0,472,86.7,114.0,49.2
175,176.0,189.0,McMaster University,Canada,Americas,L,FC,VH,A,39.5,215,34.2,276,63.8,215,35.6,380,96.2,136.0,56.7,263.0,82.6,284.0,49.9,255,91.9,78.0,49.0
176,171.0,154.0,Washington University in St. Louis,United States,Americas,L,FC,VH,B,36.3,241,12.0,601,99.7,29,47.7,283,85.4,220.0,72.4,201.0,83.6,270.0,31.9,396,86.7,114.0,49.9
177,178.0,163.0,"University of California, Santa Barbara (UCSB)",United States,Americas,L,CO,VH,A,52.6,154,21.3,432,7.7,701,97.8,37,75.4,261.0,17.2,583.0,71.2,466.0,7.9,701,28.4,456.0,48.9
178,179.0,173.0,"The University of Newcastle, Australia (UON)",Australia,Oceania,L,FC,VH,A,28.3,312,24.5,392,28.7,537,91.7,70,99.9,89.0,24.2,487.0,82.0,289.0,14.8,670,92.4,74.0,48.7
179,179.0,198.0,Universidad de los Andes,Colombia,Americas,L,FC,HI,B,67.7,100,88.4,54,14.2,701,5.9,701,22.8,560.0,1.9,701.0,55.2,692.0,98.2,26,80.0,155.0,48.7
180,181.0,188.0,Universiti Teknologi Malaysia ,Malaysia,Asia,L,CO,VH,A,48.6,166,59.6,134,46.0,337,40.5,347,14.1,683.0,86.9,142.0,82.9,279.0,18.0,600,52.1,305.0,48.5
181,181.0,199.0,Waseda University,Japan,Asia,XL,CO,VH,B,60.7,122,96.1,30,23.5,616,3.8,701,27.9,507.0,28.0,445.0,66.4,533.0,83.7,106,56.1,282.0,48.5
182,183.0,310.0,Hamad Bin Khalifa University,Qatar,Asia,S,FO,VH,A,12.9,601,4.7,601,99.9,20,100.0,8,100.0,9.0,100.0,10.0,74.3,417.0,6.0,701,2.6,701.0,48.3
183,184.0,167.0,University of York,United Kingdom,Europe,L,FC,VH,A,42.9,201,30.1,313,43.0,364,40.1,353,87.8,204.0,75.6,184.0,92.5,128.0,23.5,480,97.4,29.0,48.2
184,185.0,184.0,Tecnológico de Monterrey,Mexico,Americas,XL,FC,HI,B,53.8,149,91.4,47,62.5,223,2.4,701,20.8,589.0,10.6,701.0,56.6,670.0,96.1,43,54.4,291.0,48.1
185,186.0,154.0,Cardiff University,United Kingdom,Europe,L,FC,VH,A,46.8,171,43.2,213,36.1,441,30.0,437,82.8,229.0,67.7,219.0,92.3,132.0,18.9,584,96.0,46.0,47.6
186,187.0,184.0,École Normale Supérieure de Lyon,France,Europe,S,CO,VH,A,29.8,296,16.3,522,97.0,49,93.5,59,59.0,329.0,11.7,684.0,70.3,482.0,14.0,694,6.6,701.0,47.5
187,188.0,214.0,Keio University,Japan,Asia,XL,FC,VH,B,53.0,151,91.6,46,57.2,257,5.1,701,9.4,701.0,10.2,701.0,57.5,658.0,91.4,69,59.0,271.0,47.4
188,189.0,203.0,University of Ottawa,Canada,Americas,XL,FC,VH,A,26.2,340,23.3,406,3.5,701,81.3,106,91.7,179.0,77.8,181.0,93.0,119.0,39.8,323,92.9,72.0,47.3
189,190.0,184.0,Technische Universität Wien,Austria,Europe,M,FO,VH,A,33.9,258,50.4,178,12.5,701,73.8,139,85.5,218.0,90.4,120.0,71.6,457.0,19.1,577,11.3,636.0,47.2
190,191.0,205.0,Universität Hamburg,Germany,Europe,L,FO,VH,A,50.7,159,35.7,264,16.5,701,54.7,233,40.2,418.0,20.4,532.0,93.4,109.0,42.8,300,90.6,91.0,47.1
191,192.0,216.0,Tongji University,China (Mainland),Asia,XL,FC,VH,A,31.8,276,16.9,508,29.1,533,96.9,44,54.5,345.0,26.5,457.0,72.9,442.0,24.0,473,81.4,147.0,46.9
192,193.0,209.0,Queen's University at Kingston,Canada,Americas,L,FC,VH,A,40.8,209,56.7,144,5.4,701,42.6,322,69.2,287.0,26.6,456.0,71.2,467.0,87.1,93,93.8,64.0,46.8
193,194.0,187.0,University of Gothenburg,Sweden,Europe,L,FC,VH,A,35.4,247,18.3,481,60.9,235,33.6,394,90.0,191.0,78.2,180.0,94.2,91.0,63.1,189,92.8,73.0,46.7
194,194.0,194.0,Wuhan University,China (Mainland),Asia,XL,FC,VH,A,39.2,218,40.5,233,14.0,701,91.9,69,39.2,423.0,4.9,701.0,78.2,356.0,46.5,275,22.2,513.0,46.7
195,196.0,166.0,Emory University,United States,Americas,L,FC,VH,B,25.2,349,19.0,469,93.8,70,78.4,120,52.2,355.0,33.9,399.0,85.6,237.0,22.8,502,37.0,391.0,46.6
196,197.0,233.0,Deakin University,Australia,Oceania,XL,FC,VH,A,31.3,282,23.9,400,4.6,701,73.6,140,96.4,135.0,63.8,236.0,82.7,280.0,36.8,347,93.7,66.0,46.4
197,198.0,199.0,Universidad Autónoma de Madrid,Spain,Europe,XL,FC,VH,A,61.0,119,64.3,123,29.1,534,21.0,546,7.7,701.0,10.4,701.0,92.0,136.0,43.1,297,79.6,156.0,46.3
198,198.0,182.0,University of Calgary,Canada,Americas,XL,FC,VH,A,37.9,227,44.5,207,18.1,701,40.3,350,77.7,246.0,66.2,225.0,85.2,243.0,53.3,236,93.3,68.0,46.3
199,200.0,179.0,Arizona State University,United States,Americas,XL,CO,VH,A,48.6,165,44.1,209,7.4,701,47.1,289,52.1,357.0,37.2,378.0,95.7,66.0,23.6,479,96.3,41.0,46.2
200,200.0,203.0,King Saud University,Saudi Arabia,Asia,XL,FC,VH,A,39.4,216,28.7,332,54.3,281,40.0,354,99.4,98.0,15.0,622.0,95.1,75.0,99.0,17,33.0,420.0,46.2
201,332.0,364.0,American University of Sharjah,United Arab Emirates,Asia,M,CO,VH,B,20.9,421,38.6,245,19.1,696,23.9,511,100.0,3.0,100.0,8.0,48.1,701.0,48.0,267,16.5,567.0,33.6
202,203.0,180.0,Université catholique de Louvain (UCLouvain),Belgium,Europe,L,FC,VH,B,48.4,168,25.9,367,4.6,701,55.0,230,91.0,186.0,47.6,306.0,89.9,169.0,76.4,135,27.1,471.0,46.0
203,203.0,195.0,University of Minnesota Twin Cities,United States,Americas,XL,FC,VH,A,56.8,137,33.1,284,32.4,486,41.9,327,7.7,701.0,8.7,701.0,91.7,145.0,52.5,241,96.5,37.0,46.0
204,205.0,192.0,Ecole des Ponts ParisTech,France,Europe,S,FO,VH,A,8.9,601,58.5,138,99.0,38,62.6,186,43.5,404.0,96.5,84.0,37.3,701.0,59.5,207,10.8,650.0,45.8
205,206.0,202.0,Queen's University Belfast,United Kingdom,Europe,L,FC,VH,A,35.4,249,33.6,279,28.6,543,40.6,345,100.0,74.0,98.2,67.0,92.8,124.0,9.9,701,88.9,103.0,45.7
206,206.0,237.0,Universitas Indonesia,Indonesia,Asia,XL,FC,VH,A,53.8,148,79.2,79,55.7,268,2.1,701,88.3,202.0,7.1,701.0,37.2,701.0,77.3,131,32.7,424.0,45.7
207,208.0,151.0,The Ohio State University,United States,Americas,XL,FC,VH,A,58.6,130,50.4,176,39.5,392,31.2,423,13.4,696.0,10.6,701.0,94.6,87.0,45.3,281,50.8,315.0,45.6
208,209.0,215.0,Tel Aviv University,Israel,Asia,L,FC,VH,A,32.0,275,18.6,474,4.2,701,99.4,20,39.7,419.0,7.0,701.0,77.9,362.0,88.4,85,46.2,334.0,45.2
209,210.0,233.0,National Tsing Hua University,Taiwan,Asia,M,CO,VH,A,54.8,143,71.2,99,28.0,549,49.6,268,9.5,701.0,11.1,695.0,45.0,701.0,16.3,629,32.1,428.0,45.1
210,211.0,225.0,Indian Institute of Science,India,Asia,S,SP,VH,A,45.7,181,26.3,362,37.9,419,99.9,11,3.7,701.0,1.5,701.0,39.1,701.0,13.1,701,23.7,500.0,45.0
211,212.0,192.0,Albert-Ludwigs-Universitaet Freiburg,Germany,Europe,L,FC,VH,A,43.1,198,24.5,394,24.6,597,52.2,248,67.6,290.0,33.7,401.0,92.3,131.0,32.5,391,90.0,94.0,44.8
212,213.0,189.0,Queensland University of Technology (QUT),Australia,Oceania,XL,CO,VH,A,39.8,214,33.1,285,8.1,701,59.9,202,97.9,122.0,20.7,530.0,83.4,274.0,19.0,581,89.4,100.0,44.7
213,214.0,206.0,University of Otago,New Zealand,Oceania,L,FC,VH,A,45.0,187,24.6,388,12.8,701,38.8,361,100.0,50.0,37.6,375.0,79.5,332.0,59.1,208,96.0,48.0,44.4
214,215.0,228.0,National Cheng Kung University (NCKU),Taiwan,Asia,L,FC,VH,A,51.5,157,74.0,90,33.4,472,20.3,554,16.3,646.0,13.9,642.0,58.7,648.0,42.4,306,83.8,131.0,44.2
215,215.0,168.0,University of Florida,United States,Americas,XL,FC,VH,A,46.7,172,42.3,220,62.9,220,32.1,411,17.8,630.0,10.3,701.0,98.3,21.0,44.5,286,60.6,266.0,44.2
216,217.0,242.0,La Trobe University,Australia,Oceania,L,CO,VH,A,23.6,370,19.8,457,8.0,701,77.7,123,92.6,172.0,95.0,97.0,78.6,345.0,19.6,570,78.4,166.0,44.1
217,218.0,169.0,"University of Maryland, College Park",United States,Americas,XL,FC,VH,A,48.6,167,29.4,317,32.5,484,55.0,231,20.9,588.0,16.2,603.0,92.3,133.0,41.2,311,54.4,291.0,44.0
218,219.0,217.0,National Yang Ming Chiao Tung University,Taiwan,Asia,L,FC,VH,A,32.9,267,62.7,128,51.1,300,52.7,245,19.6,607.0,19.2,564.0,53.7,701.0,58.3,210,38.8,379.0,43.9
219,219.0,226.0,Universidad Nacional de Colombia,Colombia,Americas,XL,FC,HI,A,71.0,88,89.9,53,5.4,701,3.4,701,5.6,701.0,1.4,701.0,65.9,543.0,42.6,302,53.1,298.0,43.9
220,221.0,207.0,Vrije Universiteit Amsterdam,Netherlands,Europe,XL,FC,VH,A,39.4,217,17.8,494,21.3,650,63.7,179,67.3,293.0,47.4,310.0,89.0,184.0,45.1,282,50.8,315.0,43.8
221,222.0,213.0,Eberhard Karls Universität Tübingen,Germany,Europe,L,FC,VH,A,46.0,177,30.7,307,87.1,98,20.5,550,76.1,255.0,26.2,463.0,93.8,102.0,30.9,408,33.0,420.0,43.7
222,222.0,271.0,Indian Institute of Technology Kharagpur (IIT-KGP),India,Asia,L,FO,VH,A,34.0,257,51.1,173,9.0,701,90.2,76,1.1,701.0,1.1,701.0,69.3,492.0,33.0,386,44.3,348.0,43.7
223,224.0,229.0,Friedrich-Alexander-Universität Erlangen-Nürnberg,Germany,Europe,L,FC,VH,A,25.8,345,27.7,346,3.2,701,94.9,50,27.2,516.0,48.8,300.0,87.1,213.0,19.6,568,74.5,193.0,43.6
224,224.0,212.0,Loughborough University,United Kingdom,Europe,L,CO,VH,A,29.7,299,55.3,151,23.8,613,32.4,406,87.1,212.0,68.6,216.0,87.1,214.0,23.2,488,93.8,64.0,43.6
225,224.0,220.0,University of Lausanne,Switzerland,Europe,L,FO,VH,A,28.4,310,18.8,471,36.8,435,61.0,195,100.0,67.0,54.2,271.0,79.8,328.0,51.8,244,51.2,313.0,43.6
226,227.0,285.0,Indian Institute of Technology Madras (IITM),India,Asia,M,CO,VH,A,42.4,203,63.2,127,20.3,663,70.3,154,3.9,701.0,1.6,701.0,37.5,701.0,27.0,444,44.6,343.0,43.5
227,227.0,239.0,Rheinische Friedrich-Wilhelms-Universität Bonn,Germany,Europe,L,FC,VH,A,52.8,153,24.1,399,62.7,221,17.2,598,44.3,399.0,38.9,361.0,94.7,83.0,35.4,357,83.2,138.0,43.5
228,229.0,211.0,Chulalongkorn University,Thailand,Asia,XL,FC,VH,A,68.2,97,35.9,261,31.7,499,7.5,701,18.7,617.0,3.0,701.0,79.6,331.0,93.6,60,73.2,198.0,43.4
229,230.0,256.0,Maastricht University ,Netherlands,Europe,L,FO,VH,A,23.0,389,27.8,345,13.2,701,62.8,185,99.4,97.0,100.0,20.0,80.5,312.0,38.2,337,52.5,302.0,43.0
230,230.0,189.0,Universite libre de Bruxelles,Belgium,Europe,XL,FC,VH,A,33.3,263,34.5,273,3.0,701,49.9,263,98.7,110.0,84.4,155.0,87.5,203.0,65.5,179,25.2,490.0,43.0
231,232.0,220.0,Universidade Estadual de Campinas (Unicamp),Brazil,Americas,XL,FC,VH,A,71.8,87,40.3,236,14.7,701,24.3,506,10.7,701.0,2.7,701.0,85.4,241.0,25.1,465,65.9,236.0,42.9
232,233.0,210.0,University of Twente,Netherlands,Europe,M,CO,VH,A,20.7,424,32.0,294,43.3,362,61.3,193,100.0,83.0,90.4,119.0,87.6,202.0,20.0,562,13.8,603.0,42.7
233,234.0,246.0,Technische Universität Dresden,Germany,Europe,L,FC,VH,A,36.3,240,42.5,216,80.3,134,28.5,455,35.8,445.0,27.6,450.0,93.8,104.0,8.8,701,75.8,181.0,42.6
234,235.0,250.0,University of Waikato,New Zealand,Oceania,M,CO,VH,A,19.1,473,11.7,601,12.4,701,84.7,94,99.0,107.0,56.9,261.0,55.1,697.0,46.4,276,89.5,99.0,42.5
235,236.0,219.0,Università di Padova,Italy,Europe,XL,FC,VH,A,58.9,129,27.3,351,8.5,701,45.7,302,9.2,701.0,11.1,694.0,94.9,79.0,18.8,590,87.7,110.0,42.3
236,236.0,208.0,University of Aberdeen,United Kingdom,Europe,L,FC,VH,A,30.5,292,28.8,330,32.7,482,32.0,412,94.5,154.0,92.6,103.0,88.5,190.0,22.2,519,96.5,37.0,42.3
237,236.0,224.0,University of Rochester,United States,Americas,M,FC,VH,B,22.6,396,20.8,441,99.1,35,33.6,395,63.9,306.0,93.8,100.0,64.3,568.0,40.4,316,63.7,247.0,42.3
238,239.0,263.0,Gadjah Mada University,Indonesia,Asia,XL,FC,VH,A,54.4,145,73.5,91,57.6,255,1.7,701,40.3,417.0,4.1,701.0,38.1,701.0,69.0,167,26.8,473.0,41.8
239,239.0,239.0,Massey University,New Zealand,Oceania,M,CO,VH,A,30.1,293,14.0,585,48.0,324,27.4,473,98.5,112.0,95.2,96.0,85.1,244.0,49.2,259,91.4,81.0,41.8
240,241.0,252.0,Politecnico di Torino,Italy,Europe,XL,FO,VH,A,40.2,213,52.1,165,3.1,701,51.6,254,4.9,701.0,41.0,349.0,81.4,297.0,30.6,412,77.9,169.0,41.7
241,241.0,246.0,Technical University of Darmstadt,Germany,Europe,L,CO,VH,A,20.0,444,35.9,260,6.7,701,70.0,155,60.3,323.0,81.4,167.0,65.9,544.0,44.4,288,71.8,211.0,41.7
242,243.0,237.0,Dartmouth College,United States,Americas,M,FC,VH,B,22.8,392,31.0,303,65.8,200,60.6,200,9.2,701.0,40.9,351.0,42.5,701.0,68.8,168,71.2,214.0,41.3
243,244.0,241.0,Victoria University of Wellington,New Zealand,Oceania,L,CO,VH,A,42.8,202,21.4,429,10.1,701,32.1,410,100.0,82.0,31.0,420.0,70.7,475.0,71.6,151,91.4,81.0,41.2
244,245.0,254.0,University of Macau,Macau SAR,Asia,L,CO,VH,A,11.9,601,10.5,601,9.8,701,99.1,23,100.0,21.0,99.9,36.0,57.0,664.0,50.3,253,7.7,701.0,41.1
245,246.0,248.0,Charles University,Czech Republic,Europe,XL,FC,VH,A,45.6,182,49.1,183,32.2,491,8.0,701,25.0,535.0,50.5,291.0,96.3,51.0,65.5,178,77.4,173.0,41.0
246,246.0,218.0,University of Sussex,United Kingdom,Europe,L,FC,VH,A,22.6,395,10.4,601,15.5,701,56.8,220,99.6,95.0,84.9,152.0,84.7,252.0,39.9,322,97.7,26.0,41.0
247,248.0,261.0,Vanderbilt University,United States,Americas,L,FC,VH,B,24.4,356,21.8,423,100.0,13,53.0,242,30.1,493.0,36.0,383.0,78.6,344.0,34.7,364,24.5,492.0,40.8
248,249.0,280.0,University of Navarra,Spain,Europe,L,FC,HI,B,30.6,291,68.0,108,49.6,315,14.7,642,24.8,537.0,73.8,196.0,63.6,578.0,75.8,137,42.3,355.0,40.7
249,250.0,226.0,American University of Beirut (AUB),Lebanon,Asia,M,FC,VH,B,28.6,307,29.5,315,48.5,322,28.9,449,63.2,310.0,37.0,379.0,73.1,438.0,97.0,35,80.5,152.0,40.6
250,251.0,284.0,Taylor's University,Malaysia,Asia,S,FO,VH,C,27.0,323,81.0,72,71.5,185,10.1,701,64.8,303.0,99.6,43.0,41.4,701.0,4.2,701,22.2,513.0,40.5
251,252.0,256.0,Harbin Institute of Technology,China (Mainland),Asia,XL,FO,VH,A,27.1,321,21.1,435,33.7,468,99.8,14,8.0,701.0,5.0,701.0,68.6,507.0,28.3,434,14.6,597.0,40.3
252,252.0,295.0,Hong Kong Baptist University,Hong Kong SAR,Asia,M,CO,VH,A,18.2,499,12.0,601,60.0,242,61.4,192,98.9,109.0,100.0,19.0,37.0,701.0,15.7,641,54.4,291.0,40.3
253,252.0,232.0,University of Göttingen,Germany,Europe,L,FC,VH,A,46.4,175,27.1,355,76.4,156,16.2,620,49.7,369.0,22.4,512.0,95.1,76.0,40.3,317,32.1,428.0,40.3
254,255.0,243.0,Griffith University,Australia,Oceania,L,FC,VH,A,27.0,324,13.7,593,8.4,701,62.5,187,99.8,90.0,38.5,363.0,92.1,135.0,17.9,602,96.4,40.0,40.1
255,256.0,281.0,Bandung Institute of Technology (ITB),Indonesia,Asia,L,CO,VH,A,43.2,197,72.7,95,55.8,266,2.6,701,94.4,158.0,3.8,701.0,26.3,701.0,49.2,260,37.6,388.0,39.9
256,256.0,235.0,Heriot-Watt University,United Kingdom,Europe,M,CO,VH,A,17.8,507,27.1,356,17.6,701,65.2,171,100.0,79.0,98.1,69.0,75.4,402.0,26.3,451,25.7,483.0,39.9
257,258.0,262.0,University of Warsaw ,Poland,Europe,XL,CO,VH,A,50.0,163,53.6,158,46.4,330,5.5,701,10.5,701.0,8.4,701.0,84.1,262.0,60.0,203,69.8,222.0,39.8
258,259.0,255.0,Case Western Reserve University,United States,Americas,M,FC,VH,B,17.2,523,15.4,546,82.3,119,61.6,191,35.7,447.0,71.7,205.0,55.6,681.0,29.3,424,53.1,298.0,39.7
259,260.0,266.0,University of Lisbon ,Portugal,Europe,XL,FC,VH,A,44.0,193,20.7,443,10.7,701,36.5,376,9.0,701.0,39.4,356.0,98.2,23.0,94.0,57,70.9,217.0,39.6
260,523.0,551.0,Canadian University Dubai,United Arab Emirates,Asia,S,FO,HI,C,20.1,442,19.9,455,33.5,471,2.7,701,100.0,4.0,100.0,6.0,14.0,701.0,17.4,609,1.6,701.0,23.5
261,261.0,256.0,University of Canterbury | Te Whare Wananga o Waitaha,New Zealand,Oceania,L,CO,VH,A,34.7,253,27.3,352,10.4,701,31.4,419,100.0,77.0,27.7,449.0,63.0,585.0,82.3,109,91.1,86.0,39.4
262,263.0,278.0,Indian Institute of Technology Kanpur (IITK),India,Asia,M,FO,VH,A,36.9,234,56.9,142,14.0,701,73.3,142,2.6,701.0,1.1,701.0,38.8,701.0,19.6,567,22.0,516.0,39.3
263,264.0,292.0,Norwegian University of Science And Technology,Norway,Europe,XL,FC,VH,A,33.2,264,25.2,378,22.3,629,30.4,435,75.1,264.0,9.3,701.0,94.4,89.0,89.4,79,85.8,121.0,39.1
264,265.0,300.0,UCSI University,Malaysia,Asia,M,FO,VH,C,27.0,326,65.1,120,78.1,150,3.6,701,89.1,196.0,95.8,91.0,37.6,701.0,10.2,701,27.9,462.0,38.8
265,265.0,310.0,Universitat Pompeu Fabra (Barcelona),Spain,Europe,M,FO,VH,A,31.7,279,29.4,319,12.1,701,67.1,163,75.6,259.0,24.5,482.0,74.0,421.0,16.4,626,27.9,462.0,38.8
266,267.0,248.0,University of Antwerp,Belgium,Europe,L,FC,VH,A,24.1,361,11.3,601,37.5,427,48.1,278,94.4,157.0,32.0,415.0,94.6,85.0,44.8,284,74.8,190.0,38.7
267,267.0,264.0,University of Witwatersrand,South Africa,Africa,L,FC,VH,A,26.5,332,42.1,223,8.9,701,30.5,432,75.1,263.0,5.8,701.0,96.8,46.0,98.9,18,84.8,127.0,38.7
268,269.0,285.0,Tianjin University,China (Mainland),Asia,L,CO,VH,A,17.2,527,13.5,597,38.8,407,99.5,18,24.8,538.0,25.4,473.0,65.2,554.0,32.4,392,16.9,563.0,38.6
269,269.0,307.0,Universiti Teknologi PETRONAS (UTP),Malaysia,Asia,S,SP,VH,B,19.5,458,28.1,341,38.5,412,79.0,117,83.9,224.0,20.1,537.0,63.9,577.0,4.1,701,18.4,549.0,38.6
270,271.0,272.0,Beijing Normal University ,China (Mainland),Asia,L,CO,VH,A,33.9,259,10.3,601,24.2,605,92.6,65,6.6,701.0,21.3,524.0,70.8,471.0,10.5,701,19.7,537.0,38.5
271,272.0,222.0,Radboud University ,Netherlands,Europe,L,FC,VH,A,28.0,315,14.1,582,27.0,561,66.0,167,81.3,233.0,18.6,573.0,93.9,101.0,19.6,571,39.8,369.0,38.4
272,273.0,292.0,University College Cork,Ireland,Europe,L,FC,VH,A,30.1,294,35.1,270,22.1,636,28.5,457,89.0,198.0,52.1,281.0,69.1,497.0,34.0,371,91.0,88.0,38.3
273,273.0,289.0,University of Galway,Ireland,Europe,L,FC,VH,A,26.2,339,30.3,311,63.2,217,13.2,664,95.2,144.0,43.2,333.0,81.3,301.0,46.6,274,85.9,120.0,38.3
274,275.0,298.0,Dalhousie University,Canada,Americas,L,FC,VH,A,19.4,463,16.7,513,12.9,701,53.5,239,99.9,86.0,74.6,189.0,77.4,369.0,30.1,416,87.9,109.0,38.2
275,275.0,245.0,University of Massachusetts Amherst,United States,Americas,L,CO,VH,A,38.2,224,17.2,498,10.0,701,48.8,274,61.0,321.0,25.3,474.0,79.8,327.0,30.6,411,83.4,136.0,38.2
276,275.0,222.0,University of Pittsburgh,United States,Americas,L,FC,VH,A,35.0,251,12.7,601,96.3,52,31.3,420,9.5,701.0,13.5,650.0,91.7,141.0,42.6,303,53.5,295.0,38.2
277,278.0,253.0,University of Porto,Portugal,Europe,XL,FC,VH,A,41.3,206,17.9,492,10.8,701,59.6,205,6.6,701.0,19.8,543.0,95.1,77.0,39.1,327,53.1,298.0,38.1
278,278.0,259.0,Vrije Universiteit Brussel (VUB),Belgium,Europe,L,FC,VH,A,23.3,381,13.7,592,76.1,159,18.2,581,93.6,165.0,58.2,255.0,93.1,115.0,51.8,243,72.1,208.0,38.1
279,280.0,266.0,Ulsan National Institute of Science and Technology (UNIST),South Korea,Asia,S,FO,VH,A,13.6,601,13.5,601,87.9,95,98.1,34,29.3,499.0,9.6,701.0,24.8,701.0,3.3,701,16.1,577.0,38.0
280,281.0,251.0,The Hebrew University of Jerusalem,Israel,Asia,L,FC,VH,A,32.8,269,18.2,484,79.3,143,19.4,563,53.2,349.0,23.8,492.0,77.8,364.0,94.6,54,34.2,413.0,37.9
281,281.0,276.0,University of Strathclyde,United Kingdom,Europe,L,CO,VH,A,25.9,343,30.0,314,16.7,701,31.8,416,93.0,170.0,64.0,235.0,85.0,246.0,33.6,376,88.6,107.0,37.9
282,283.0,328.0,Université Paris 1 Panthéon-Sorbonne ,France,Europe,XL,FO,VH,A,65.6,104,33.3,280,4.6,701,2.9,701,34.3,467.0,46.5,317.0,70.3,481.0,74.8,140,23.7,500.0,37.5
283,284.0,301.0,Southern University of Science and Technology,China (Mainland),Asia,M,FO,VH,A,9.3,601,2.5,601,89.7,85,98.8,29,37.5,430.0,1.4,701.0,48.3,701.0,1.6,701,31.6,432.0,37.3
284,285.0,336.0,Middle East Technical University,Turkey,Asia,L,CO,VH,A,31.2,286,70.2,101,9.0,701,22.3,528,12.0,701.0,18.3,576.0,74.7,412.0,77.5,130,69.5,223.0,37.2
285,285.0,319.0,Universidad Carlos III de Madrid (UC3M),Spain,Europe,L,FO,VH,A,33.5,260,56.3,147,49.5,316,4.1,701,64.8,302.0,52.3,279.0,66.3,534.0,20.7,551,68.3,227.0,37.2
286,285.0,268.0,University of Cologne,Germany,Europe,L,FO,VH,A,35.2,250,30.4,310,15.7,701,29.3,440,35.9,444.0,30.1,429.0,90.8,158.0,56.8,212,91.9,78.0,37.2
287,285.0,272.0,University of Leicester,United Kingdom,Europe,L,FC,VH,A,19.8,453,13.7,594,30.8,511,43.4,316,80.0,238.0,95.3,95.0,88.8,187.0,22.7,504,75.0,186.0,37.2
288,285.0,276.0,University of Milan,Italy,Europe,XL,FC,VH,A,52.8,152,17.0,505,6.4,701,39.6,356,6.5,701.0,6.8,701.0,85.5,239.0,44.1,290,74.8,190.0,37.2
289,285.0,244.0,University of Surrey,United Kingdom,Europe,L,CO,VH,A,19.7,454,17.9,490,22.8,625,55.2,227,97.1,129.0,87.1,139.0,86.4,226.0,20.4,557,28.4,456.0,37.2
290,291.0,285.0,Swinburne University of Technology,Australia,Oceania,L,CO,VH,A,13.9,601,11.4,601,12.4,701,86.5,88,94.9,150.0,77.3,183.0,66.1,538.0,13.9,696,15.4,585.0,37.1
291,291.0,281.0,University of Bergen,Norway,Europe,L,FC,VH,A,31.6,280,8.3,601,64.9,205,28.3,460,93.3,167.0,16.9,589.0,90.7,160.0,63.9,184,33.6,416.0,37.1
292,293.0,285.0,The University of Arizona,United States,Americas,XL,FC,VH,A,37.3,231,22.2,420,44.4,349,38.8,360,31.6,486.0,15.1,620.0,94.1,98.0,37.1,344,40.4,363.0,37.0
293,293.0,307.0,University of Tasmania,Australia,Oceania,M,CO,VH,A,16.0,552,7.4,601,22.1,635,59.8,203,79.9,240.0,89.7,123.0,80.0,323.0,15.9,636,85.6,123.0,37.0
294,295.0,291.0,Xi’an Jiaotong University,China (Mainland),Asia,XL,FC,VH,A,19.0,474,39.4,238,14.0,701,89.5,77,3.9,701.0,3.8,701.0,80.5,315.0,26.4,448,18.2,553.0,36.9
295,296.0,283.0,Stellenbosch University,South Africa,Africa,L,FC,VH,A,26.1,342,35.8,262,3.5,701,61.9,190,19.7,605.0,8.0,701.0,94.8,80.0,85.2,101,22.0,516.0,36.7
296,297.0,260.0,University of Virginia,United States,Americas,L,FC,VH,A,37.3,230,27.3,353,55.8,267,29.1,446,6.1,701.0,11.3,690.0,81.6,295.0,77.9,129,35.4,400.0,36.6
297,298.0,319.0,Bauman Moscow State Technical University,Russia,Europe,L,CO,VH,A,36.2,242,51.9,169,99.9,22,1.4,701,65.6,298.0,70.0,210.0,15.2,701.0,7.7,701,6.8,701.0,36.5
298,298.0,307.0,Swansea University,United Kingdom,Europe,L,FC,VH,A,23.1,387,43.1,214,25.1,591,27.9,467,71.0,278.0,59.6,249.0,82.3,286.0,8.3,701,91.8,80.0,36.5
299,300.0,275.0,Huazhong University of Science and Technology,China (Mainland),Asia,XL,FC,VH,A,20.4,431,28.2,337,7.9,701,99.9,10,5.2,701.0,2.7,701.0,79.4,335.0,17.6,606,15.0,592.0,36.4
300,301.0,297.0,Georgetown University,United States,Americas,L,FC,VH,B,29.3,302,41.9,224,63.0,218,14.0,655,28.0,506.0,37.3,377.0,62.5,597.0,90.9,71,37.0,391.0,36.3
301,302.0,340.0,Beijing Institute of Technology,China (Mainland),Asia,XL,FO,VH,A,23.2,384,24.3,396,43.4,361,82.0,103,5.7,701.0,6.7,701.0,68.6,505.0,14.3,681,10.1,661.0,35.9
302,302.0,236.0,Université Paris Cité,France,Europe,XL,FO,VH,A,27.8,319,6.2,601,9.2,701,87.0,87,12.0,701.0,35.2,388.0,99.2,11.0,15.2,655,18.4,549.0,35.9
303,304.0,268.0,Linköping University,Sweden,Europe,L,CO,VH,A,18.5,489,26.6,360,37.9,420,45.4,304,81.9,231.0,32.6,409.0,84.6,253.0,42.4,305,41.0,360.0,35.8
304,304.0,371.0,Universidade Federal do Rio de Janeiro,Brazil,Americas,XL,FC,VH,A,61.9,112,23.3,407,13.7,701,7.8,701,7.6,701.0,1.5,701.0,79.7,330.0,81.4,117,59.6,269.0,35.8
305,306.0,336.0,Aalborg University,Denmark,Europe,L,FC,VH,A,19.9,450,20.8,439,25.5,580,53.2,241,77.3,250.0,14.9,627.0,92.1,134.0,23.3,486,75.6,183.0,35.7
306,307.0,268.0,"University of California, Irvine",United States,Americas,XL,FC,VH,A,37.5,229,22.3,419,17.3,701,40.7,344,43.9,401.0,58.7,252.0,84.1,260.0,11.2,701,36.0,397.0,35.5
307,308.0,345.0,Airlangga University,Indonesia,Asia,XL,FC,HI,A,37.1,232,79.1,80,57.0,259,1.5,701,58.0,330.0,6.7,701.0,40.3,701.0,18.9,585,16.3,570.0,35.3
308,309.0,302.0,Goethe-University Frankfurt am Main,Germany,Europe,XL,FC,VH,A,43.2,196,33.2,282,24.4,600,15.9,621,37.4,432.0,24.1,489.0,90.4,166.0,20.2,560,75.0,186.0,35.2
309,309.0,362.0,Universität Innsbruck,Austria,Europe,L,FC,HI,A,20.3,434,7.8,601,73.1,177,9.3,701,100.0,68.0,100.0,27.0,71.5,461.0,55.8,223,61.6,263.0,35.2
310,311.0,274.0,North Carolina State University,United States,Americas,XL,CO,VH,A,26.7,330,25.4,374,9.8,701,63.4,181,55.0,338.0,17.0,585.0,78.1,358.0,21.5,532,35.7,398.0,35.1
311,312.0,304.0,Jagiellonian University,Poland,Europe,XL,FO,VH,A,37.8,228,46.4,199,65.1,203,5.5,701,5.7,701.0,15.4,615.0,88.6,188.0,51.3,249,35.4,400.0,35.0
312,312.0,306.0,University of Johannesburg,South Africa,Africa,L,CO,VH,A,17.7,513,17.9,491,40.3,388,24.9,499,96.5,134.0,51.4,285.0,98.0,26.0,63.1,190,65.6,238.0,35.0
313,314.0,312.0,Universität Stuttgart,Germany,Europe,L,FO,VH,A,23.1,386,33.0,286,6.8,701,55.2,228,36.0,442.0,46.8,314.0,70.4,479.0,21.7,527,65.3,239.0,34.9
314,315.0,315.0,Quaid-i-Azam University,Pakistan,Asia,M,CO,VH,A,17.3,520,42.4,218,3.2,701,93.6,58,7.0,701.0,1.9,701.0,65.0,557.0,21.0,546,3.4,701.0,34.8
315,316.0,342.0,RUDN University,Russia,Europe,L,FC,VH,A,24.4,357,48.7,186,92.0,79,2.1,701,8.0,701.0,92.2,107.0,89.7,170.0,10.0,701,24.0,498.0,34.7
316,316.0,360.0,Shandong University,China (Mainland),Asia,XL,FC,VH,A,16.6,538,35.5,268,16.7,701,88.2,81,8.2,701.0,3.1,701.0,64.1,572.0,20.7,553,19.7,537.0,34.7
317,316.0,304.0,University of Notre Dame,United States,Americas,L,CO,VH,B,25.8,344,25.2,379,60.8,237,29.2,444,22.3,566.0,18.4,575.0,70.1,484.0,60.2,201,68.9,225.0,34.7
318,319.0,318.0,Simon Fraser University,Canada,Americas,L,CO,VH,A,24.0,367,11.4,601,6.2,701,36.6,374,97.0,131.0,83.9,158.0,76.8,382.0,22.8,503,89.8,96.0,34.6
319,320.0,264.0,University of Colorado Boulder,United States,Americas,XL,CO,VH,A,36.1,244,17.5,495,38.3,414,34.9,385,32.2,482.0,4.9,701.0,86.3,228.0,31.6,400,62.8,252.0,34.4
320,321.0,355.0,L.N. Gumilyov Eurasian National University (ENU),Kazakhstan,Asia,L,FO,VH,A,34.4,256,62.0,130,92.6,76,1.4,701,68.7,289.0,8.2,701.0,22.8,701.0,5.5,701,10.5,655.0,34.2
321,321.0,347.0,National Technical University of Athens,Greece,Europe,L,FO,VH,A,21.3,412,44.9,204,4.6,701,76.0,132,1.3,701.0,4.6,701.0,72.7,444.0,39.6,325,5.0,701.0,34.2
322,321.0,349.0,Universidad Politécnica de Madrid (UPM),Spain,Europe,XL,SP,VH,A,31.3,283,56.5,146,16.7,701,11.4,701,3.2,701.0,32.1,414.0,81.1,308.0,60.7,199,86.3,119.0,34.2
323,324.0,278.0,University of Miami,United States,Americas,L,FC,VH,B,19.0,475,29.5,316,50.0,310,39.3,358,66.7,295.0,16.9,587.0,81.6,294.0,43.8,292,27.9,462.0,34.1
324,324.0,326.0,University of Southern Denmark (SDU),Denmark,Europe,L,CO,VH,A,20.2,440,15.9,538,22.3,631,49.3,270,85.5,217.0,24.1,491.0,81.1,309.0,21.3,540,73.2,198.0,34.1
325,326.0,307.0,Daegu Gyeongbuk Institute of Science and Technology (DGIST),South Korea,Asia,S,FO,VH,A,10.5,601,11.8,601,84.1,113,99.9,12,6.6,701.0,3.3,701.0,12.3,701.0,2.7,701,3.1,701.0,34.0
326,326.0,404.0,Istanbul Technical University,Turkey,Asia,L,FO,VH,A,27.0,327,67.2,112,9.7,701,17.0,602,8.3,701.0,19.8,546.0,76.1,388.0,69.1,165,70.3,221.0,34.0
327,328.0,332.0,Kyung Hee University,South Korea,Asia,L,FC,VH,B,23.2,383,37.1,253,82.1,121,15.1,636,14.3,676.0,53.4,276.0,54.5,701.0,13.8,699,80.5,152.0,33.8
328,328.0,299.0,Rutgers University–New Brunswick,United States,Americas,XL,CO,VH,A,36.2,243,28.1,340,46.3,333,12.8,671,18.0,625.0,28.2,443.0,78.0,361.0,25.7,459,95.4,55.0,33.8
329,328.0,407.0,University of Delhi,India,Asia,L,FC,VH,A,38.1,225,35.3,269,4.3,701,25.9,488,1.3,701.0,1.5,701.0,75.1,406.0,96.0,44,70.6,220.0,33.8
330,331.0,323.0,Sun Yat-sen University,China (Mainland),Asia,XL,FC,VH,A,31.8,278,28.8,329,46.4,329,49.5,269,2.2,701.0,3.6,701.0,77.4,370.0,21.4,536,15.9,581.0,33.7
331,501.0,580.0,Abu Dhabi University,United Arab Emirates,Asia,S,FO,VH,C,15.9,556,24.6,390,14.9,701,16.7,610,100.0,5.0,99.8,38.0,27.3,701.0,8.3,701,1.5,701.0,24.1
332,332.0,295.0,University of East Anglia (UEA),United Kingdom,Europe,L,FC,VH,A,17.2,522,7.2,601,15.2,701,58.7,209,66.8,294.0,32.2,412.0,87.9,199.0,19.2,575,91.4,81.0,33.6
333,334.0,294.0,Université Grenoble Alpes,France,Europe,XL,FC,VH,A,44.7,190,14.3,574,7.9,701,41.7,330,20.2,594.0,35.1,389.0,94.9,78.0,20.7,552,21.5,518.0,33.5
334,335.0,369.0,Indian Institute of Technology Roorkee (IITR),India,Asia,M,FO,VH,A,19.4,462,29.0,325,6.8,701,93.8,55,1.3,701.0,2.0,701.0,44.3,701.0,6.4,701,37.9,386.0,33.4
335,336.0,380.0,Flinders University,Australia,Oceania,L,FC,VH,A,13.5,601,5.6,601,7.2,701,51.8,251,97.2,127.0,88.8,131.0,80.8,311.0,7.4,701,87.4,112.0,33.3
336,336.0,351.0,Lappeenranta-Lahti University of Technology LUT,Finland,Europe,M,SP,VH,A,6.4,601,9.4,601,9.5,701,97.6,41,56.8,334.0,28.5,440.0,55.6,682.0,7.9,701,55.8,284.0,33.3
337,336.0,355.0,Sichuan University,China (Mainland),Asia,XL,FC,VH,A,20.4,433,12.3,601,10.3,701,98.5,32,7.1,701.0,4.9,701.0,71.3,463.0,12.9,701,11.0,644.0,33.3
338,336.0,404.0,University of the Philippines,Philippines,Asia,XL,FC,HI,A,36.3,239,65.3,119,31.1,506,1.9,701,1.6,701.0,1.1,701.0,60.9,624.0,65.6,177,67.7,230.0,33.3
339,340.0,345.0,University of Saskatchewan,Canada,Americas,L,FC,VH,A,11.1,601,5.3,601,18.2,701,57.0,219,77.3,251.0,49.5,298.0,82.3,287.0,32.1,394,90.7,89.0,33.2
340,340.0,326.0,University of South Australia,Australia,Oceania,L,CO,VH,A,21.3,411,12.7,601,24.9,594,31.9,413,99.8,92.0,50.9,290.0,85.5,238.0,15.5,644,83.6,132.0,33.2
341,342.0,343.0,Brunel University London,United Kingdom,Europe,L,CO,VH,A,11.1,601,13.3,601,7.1,701,46.5,297,99.1,102.0,99.8,37.0,77.9,363.0,19.9,564,71.2,214.0,33.0
342,342.0,334.0,Sharif University of Technology,"Iran, Islamic Republic of",Asia,M,FO,VH,A,11.5,601,33.6,278,5.1,701,99.9,13,2.9,701.0,1.2,701.0,61.4,610.0,28.2,436,1.3,701.0,33.0
343,344.0,364.0,Indian Institute of Technology Guwahati (IITG),India,Asia,M,CO,VH,A,18.8,480,32.0,295,6.4,701,97.6,42,2.3,701.0,1.2,701.0,51.2,701.0,4.9,701,2.2,701.0,32.9
344,344.0,379.0,Tufts University,United States,Americas,L,FC,VH,B,16.9,533,7.7,601,53.5,285,45.7,303,23.5,554.0,38.1,369.0,60.2,632.0,56.1,220,81.0,151.0,32.9
345,344.0,313.0,University of Oulu,Finland,Europe,M,FC,VH,A,15.1,582,13.5,600,25.3,587,59.4,207,65.3,300.0,8.6,701.0,89.4,175.0,21.7,528,68.6,226.0,32.9
346,347.0,371.0,Tilburg University,Netherlands,Europe,L,SP,VH,A,14.7,594,32.5,291,10.5,701,55.1,229,98.4,114.0,60.6,245.0,56.8,667.0,14.3,685,15.2,590.0,32.8
347,347.0,335.0,University of Naples - Federico II,Italy,Europe,XL,FC,VH,A,36.6,236,19.7,461,4.2,701,65.1,172,2.2,701.0,1.1,701.0,92.5,129.0,7.3,701,20.1,530.0,32.8
348,349.0,322.0,University of Victoria (UVic),Canada,Americas,L,CO,VH,A,17.0,530,7.7,601,3.9,701,62.5,188,94.7,152.0,40.9,350.0,54.2,701.0,11.3,701,82.9,139.0,32.6
349,350.0,371.0,Cairo University,Egypt,Africa,XL,FC,VH,A,45.8,179,41.0,229,8.8,701,3.0,701,2.9,701.0,7.2,701.0,86.4,223.0,95.5,50,47.2,329.0,32.5
350,350.0,319.0,Sciences Po ,France,Europe,L,SP,VH,A,16.8,535,34.8,271,81.1,125,2.8,701,52.7,354.0,97.2,78.0,31.4,701.0,97.7,30,7.2,701.0,32.5
351,352.0,328.0,"City, University of London",United Kingdom,Europe,L,CO,VH,A,20.8,422,21.3,430,5.6,701,31.2,421,95.8,140.0,98.9,59.0,66.4,531.0,54.8,226,23.2,505.0,32.4
352,353.0,367.0,National University of Sciences And Technology (NUST) Islamabad,Pakistan,Asia,L,CO,VH,A,20.4,430,71.6,98,68.8,188,14.5,646,4.3,701.0,4.0,701.0,73.6,426.0,2.8,701,44.9,338.0,32.3
353,354.0,323.0,University of Pretoria,South Africa,Africa,XL,FC,VH,A,23.9,368,48.8,185,4.0,701,15.5,629,33.3,474.0,8.2,701.0,98.1,24.0,80.1,122,79.6,156.0,32.2
354,355.0,313.0,Indiana University Bloomington,United States,Americas,XL,FC,VH,A,33.4,261,23.6,403,23.3,618,29.1,445,36.3,438.0,10.8,701.0,86.6,221.0,56.8,213,32.7,424.0,32.1
355,355.0,351.0,University of Coimbra,Portugal,Europe,L,FC,VH,A,29.4,301,10.8,601,10.3,701,49.8,264,8.1,701.0,22.9,504.0,91.2,154.0,31.1,404,75.8,181.0,32.1
357,358.0,358.0,University of Tartu,Estonia,Europe,M,FC,VH,A,22.9,391,10.5,601,93.7,71,10.8,701,48.6,372.0,15.1,621.0,88.8,186.0,85.7,98,18.0,555.0,32.0
358,359.0,328.0,Gwangju Institute of Science and Technology (GIST),South Korea,Asia,S,FO,VH,A,13.8,601,9.0,601,38.6,409,100.0,4,18.6,619.0,8.8,701.0,27.0,701.0,2.2,701,9.9,667.0,31.9
359,359.0,336.0,Pontificia Universidad Católica del Perú,Peru,Americas,L,FO,VH,B,48.4,169,61.6,132,33.2,475,1.6,701,4.0,701.0,1.3,701.0,38.1,701.0,33.0,385,29.6,447.0,31.9
360,359.0,344.0,University of Aveiro,Portugal,Europe,L,CO,VH,A,13.9,601,5.6,601,11.1,701,90.6,73,4.2,701.0,15.3,617.0,89.0,183.0,2.7,701,57.7,276.0,31.9
361,362.0,454.0,Sultan Qaboos University,Oman,Asia,M,FC,VH,A,18.6,484,17.1,503,55.6,269,21.9,533,100.0,72.0,3.2,701.0,78.8,340.0,51.5,247,55.4,285.0,31.7
362,362.0,392.0,Xiamen University,China (Mainland),Asia,XL,FC,VH,A,23.6,372,16.2,526,19.0,701,72.2,146,5.1,701.0,3.1,701.0,62.6,594.0,46.0,277,15.4,585.0,31.7
363,362.0,353.0,York University,Canada,Americas,XL,CO,VH,A,22.7,394,18.6,476,3.9,701,22.6,524,53.1,353.0,78.7,176.0,65.5,548.0,76.3,136,86.5,118.0,31.7
364,365.0,315.0,Saint Petersburg State University,Russia,Europe,L,FC,VH,A,36.3,238,30.5,309,59.4,247,4.6,701,4.9,701.0,38.9,360.0,83.9,263.0,71.7,150,3.2,701.0,31.6
365,365.0,323.0,University of Illinois at Chicago (UIC),United States,Americas,L,FC,VH,A,38.5,223,28.3,336,31.1,505,23.3,518,8.0,701.0,19.3,560.0,83.8,265.0,30.5,414,34.8,406.0,31.6
366,367.0,384.0,Westfälische Wilhelms-Universität Münster ,Germany,Europe,L,FC,VH,A,31.6,281,22.8,412,64.5,208,10.0,701,30.5,490.0,4.5,701.0,82.0,290.0,35.8,354,66.8,234.0,31.5
367,368.0,382.0,Mahidol University,Thailand,Asia,L,FC,VH,A,44.1,192,21.8,424,81.1,126,4.7,701,4.9,701.0,4.2,701.0,57.2,659.0,9.8,701,57.7,276.0,31.4
368,368.0,498.0,University of Jordan,Jordan,Asia,XL,FC,HI,A,32.9,268,46.7,197,19.5,685,3.5,701,21.2,585.0,43.5,331.0,67.0,521.0,82.1,110,39.5,371.0,31.4
369,368.0,360.0,University of Tehran,"Iran, Islamic Republic of",Asia,XL,CO,VH,A,20.6,429,26.8,357,3.0,701,79.1,115,2.0,701.0,2.0,701.0,86.2,231.0,23.1,494,4.7,701.0,31.4
370,371.0,340.0,George Washington University,United States,Americas,L,FC,VH,B,25.2,351,28.8,331,27.3,555,27.5,471,24.6,542.0,34.4,394.0,79.5,333.0,74.5,142,27.3,468.0,31.3
371,371.0,362.0,Lincoln University ,New Zealand,Oceania,S,CO,VH,A,8.2,601,5.0,601,31.8,496,52.1,249,100.0,61.0,96.3,88.0,20.2,701.0,40.0,320,48.9,324.0,31.3
372,371.0,354.0,Universitat Politècnica de Catalunya · BarcelonaTech (UPC),Spain,Europe,L,CO,VH,A,31.8,277,27.7,347,38.9,404,16.7,609,10.1,701.0,19.8,544.0,85.3,242.0,26.3,450,82.5,143.0,31.3
373,371.0,364.0,University of Turin,Italy,Europe,XL,FC,VH,A,41.5,205,7.2,601,3.2,701,33.3,398,4.1,701.0,5.3,701.0,87.5,204.0,51.7,245,83.6,132.0,31.3
374,375.0,358.0,University of Florence,Italy,Europe,XL,FC,VH,A,34.6,255,8.4,601,4.4,701,46.6,295,7.3,701.0,12.3,671.0,88.5,189.0,30.3,415,74.5,193.0,31.2
375,375.0,315.0,University of Turku,Finland,Europe,L,FC,VH,A,27.8,317,12.1,601,52.3,291,29.3,442,33.2,477.0,4.4,701.0,86.3,229.0,39.9,321,52.5,302.0,31.2
376,377.0,384.0,Nankai University,China (Mainland),Asia,XL,FC,VH,A,18.5,492,9.8,601,25.4,584,82.9,101,12.3,701.0,2.7,701.0,51.1,701.0,37.9,340,11.5,632.0,31.1
377,377.0,347.0,Pontificia Universidad Javeriana,Colombia,Americas,L,FC,HI,B,45.3,184,56.6,145,26.3,568,1.6,701,3.4,701.0,2.5,701.0,42.2,701.0,78.3,127,11.3,636.0,31.1
378,377.0,355.0,University of Tsukuba,Japan,Asia,L,FC,VH,A,36.6,237,22.5,416,54.7,278,17.3,594,12.4,701.0,19.3,561.0,66.9,525.0,9.8,701,63.4,249.0,31.1
380,380.0,336.0,University of Kent,United Kingdom,Europe,L,CO,VH,A,15.4,571,10.0,601,14.6,701,45.7,301,95.1,147.0,49.8,296.0,78.8,339.0,34.0,372,40.4,363.0,30.8
381,382.0,349.0,University of Pisa,Italy,Europe,L,FC,VH,A,40.4,212,15.1,556,8.6,701,38.8,359,5.9,701.0,4.2,701.0,88.3,193.0,15.0,665,56.7,281.0,30.7
382,383.0,427.0,Anna University,India,Asia,L,SP,VH,A,10.0,601,12.0,601,5.5,701,100.0,2,30.62604242867593,530.4498902706657,1.3,701.0,89.2,181.0,5.9,701,24.7,491.0,30.6
383,384.0,375.0, Western Sydney University,Australia,Oceania,XL,FC,VH,A,19.9,445,14.2,579,4.8,701,31.0,425,100.0,53.0,45.5,323.0,87.4,208.0,8.9,701,89.2,101.0,30.5
384,385.0,392.0,South China University of Technology,China (Mainland),Asia,XL,CO,VH,A,12.1,601,6.6,601,20.0,673,97.8,36,10.7,701.0,4.6,701.0,51.3,701.0,27.3,439,7.3,701.0,30.4
385,385.0,387.0,Universiti Brunei Darussalam (UBD),Brunei,Asia,S,CO,VH,A,20.2,438,8.8,601,92.9,73,9.9,701,100.0,62.0,46.5,318.0,35.4,701.0,56.5,217,12.7,615.0,30.4
386,387.0,387.0,Belarusian State University,Belarus,Europe,L,CO,HI,A,28.4,308,40.7,230,93.0,72,1.3,701,3.8,701.0,59.3,250.0,36.4,701.0,38.2,338,1.0,701.0,30.3
387,388.0,400.0,Universidade Nova de Lisboa,Portugal,Europe,L,FC,VH,A,28.7,305,21.8,425,15.9,701,23.9,509,25.3,528.0,57.0,260.0,86.3,227.0,48.7,264,38.2,384.0,30.2
388,389.0,595.0,Università Vita-Salute San Raffaele,Italy,Europe,S,SP,VH,B,3.3,601,1.8,601,94.4,66,88.5,80,4.4,701.0,4.3,701.0,39.2,701.0,2.1,701,1.2,701.0,30.1
389,389.0,368.0,University of Cyprus (UCY),Cyprus,Asia,M,CO,VH,A,10.0,601,4.7,601,4.5,701,75.0,135,93.8,162.0,20.0,541.0,73.4,429.0,42.1,308,5.8,701.0,30.1
390,389.0,302.0,Virginia Polytechnic Institute and State University,United States,Americas,XL,FC,VH,A,26.4,336,26.2,364,18.9,701,28.4,459,71.8,277.0,16.5,594.0,82.6,282.0,24.0,471,34.8,406.0,30.1
391,392.0,387.0,National Taiwan University of Science and Technology (Taiwan Tech),Taiwan,Asia,M,FO,VH,A,27.6,320,37.9,248,43.5,358,29.4,439,19.7,603.0,25.5,471.0,29.8,701.0,19.9,563,38.8,379.0,30.0
392,393.0,444.0,National and Kapodistrian University of Athens,Greece,Europe,XL,FC,VH,A,26.7,329,33.2,283,2.1,701,31.0,426,9.9,701.0,15.9,609.0,86.6,222.0,85.8,96,29.3,451.0,29.9
393,393.0,332.0,"University of California, Santa Cruz",United States,Americas,L,CO,VH,A,17.7,512,5.9,601,7.4,701,65.3,170,53.4,348.0,7.0,701.0,64.5,566.0,6.1,701,83.6,132.0,29.9
394,393.0,489.0,"University of Rome ""Tor Vergata""",Italy,Europe,L,CO,VH,A,31.3,285,15.4,547,9.0,701,47.2,287,9.6,701.0,30.8,422.0,69.1,495.0,6.3,701,57.7,276.0,29.9
395,396.0,375.0,Northeastern University,United States,Americas,XL,CO,VH,B,19.2,470,11.8,601,15.4,701,24.6,501,51.6,360.0,96.4,85.0,67.3,516.0,44.0,291,72.3,205.0,29.7
396,396.0,375.0,Ruhr-Universität Bochum,Germany,Europe,XL,FC,VH,A,20.3,437,8.8,601,2.5,701,53.4,240,48.8,371.0,39.3,358.0,87.3,209.0,16.2,632,53.5,295.0,29.7
397,396.0,436.0,Sejong University ,South Korea,Asia,L,CO,VH,B,10.8,601,16.1,528,11.9,701,76.9,127,23.8,551.0,31.2,418.0,64.1,570.0,1.8,701,45.9,336.0,29.7
398,396.0,421.0,Université de Liège,Belgium,Europe,L,FC,VH,A,17.0,531,11.8,601,9.6,701,38.0,365,50.3,364.0,53.0,277.0,94.6,86.0,23.6,478,81.2,148.0,29.7
399,396.0,410.0,University of Southern Queensland ,Australia,Oceania,M,CO,VH,A,8.8,601,5.7,601,4.8,701,73.1,143,84.1,223.0,23.0,503.0,81.0,310.0,8.6,701,43.0,353.0,29.7
400,401.0,396.0,Kazan (Volga region) Federal University,Russia,Europe,L,FC,VH,A,23.6,373,11.4,601,95.6,58,2.4,701,10.2,701.0,95.7,93.0,88.3,191.0,15.4,647,22.2,513.0,29.6
401,401.0,431.0,Koç University,Turkey,Asia,M,FC,VH,B,24.3,359,54.6,155,19.1,697,32.4,407,24.7,540.0,13.0,659.0,51.6,701.0,6.8,701,34.8,406.0,29.6
402,403.0,375.0,Amirkabir University of Technology,"Iran, Islamic Republic of",Asia,M,FO,VH,A,5.2,601,20.5,445,4.6,701,100.0,7,24.6,543.0,2.8,701.0,70.2,483.0,5.8,701,1.6,701.0,29.5
403,403.0,421.0,University of Canberra ,Australia,Oceania,M,CO,VH,A,14.3,601,7.7,601,2.4,701,51.2,255,79.6,243.0,69.4,213.0,63.1,583.0,5.6,701,70.9,217.0,29.5
404,405.0,392.0,Institut National des Sciences Appliquées de Lyon (INSA),France,Europe,M,FO,VH,A,7.4,601,28.7,334,33.7,469,60.6,201,29.2,500.0,58.3,254.0,59.5,638.0,14.4,680,2.4,701.0,29.3
405,405.0,481.0,Satbayev University,Kazakhstan,Asia,M,FO,VH,A,27.8,318,43.4,211,88.1,94,1.2,701,66.7,296.0,16.9,588.0,15.0,701.0,23.6,477,3.8,701.0,29.3
406,405.0,328.0,USI - Università della Svizzera italiana,Switzerland,Europe,S,FO,VH,A,6.1,601,4.6,601,73.5,176,40.7,343,100.0,34.0,100.0,13.0,39.3,701.0,2.1,701,1.1,701.0,29.3
407,408.0,374.0,"Birkbeck, University of London",United Kingdom,Europe,M,CO,VH,A,10.0,601,3.6,601,15.6,701,57.1,218,97.7,123.0,99.5,46.0,55.5,686.0,8.8,701,7.7,701.0,29.1
408,408.0,400.0,Masaryk University,Czech Republic,Europe,XL,CO,VH,A,23.5,376,31.7,298,9.5,701,13.8,656,27.6,513.0,66.7,223.0,80.2,318.0,36.0,352,79.1,161.0,29.1
409,410.0,399.0,HSE University,Russia,Europe,XL,CO,VH,A,24.0,366,38.4,246,84.8,105,1.8,701,6.6,701.0,13.5,652.0,83.6,271.0,13.0,701,44.6,343.0,29.0
410,410.0,415.0,The American University in Cairo,Egypt,Africa,M,CO,VH,B,32.1,274,31.1,301,35.5,444,5.2,701,97.0,130.0,3.8,701.0,29.4,701.0,75.6,138,14.6,597.0,29.0
411,412.0,407.0,Auckland University of Technology (AUT),New Zealand,Oceania,L,CO,VH,A,19.3,464,11.2,601,10.6,701,21.7,536,100.0,64.0,99.8,42.0,52.6,701.0,12.4,701,72.6,202.0,28.9
412,413.0,421.0,Graz University of Technology,Austria,Europe,M,FO,VH,A,14.7,590,15.7,545,98.9,40,11.1,701,81.8,232.0,59.7,247.0,59.9,634.0,11.9,701,2.8,701.0,28.8
413,413.0,369.0,Yeshiva University,United States,Americas,S,FC,HI,B,3.1,601,2.8,601,65.3,202,91.6,71,31.4,488.0,13.5,651.0,6.6,701.0,3.0,701,15.8,583.0,28.8
414,415.0,387.0,Concordia University,Canada,Americas,XL,CO,VH,A,15.8,559,11.4,601,3.3,701,17.5,590,87.4,208.0,92.3,104.0,73.8,423.0,43.6,294,89.8,96.0,28.7
415,416.0,413.0,Oxford Brookes University,United Kingdom,Europe,L,CO,HI,A,30.7,289,37.6,250,13.7,701,7.0,701,67.5,291.0,67.4,220.0,68.4,508.0,20.5,554,13.2,606.0,28.6
416,416.0,392.0,Technion - Israel Institute of Technology,Israel,Asia,L,FC,VH,A,23.9,369,24.8,385,52.0,293,20.1,555,74.2,266.0,4.3,701.0,59.1,641.0,35.3,359,15.0,592.0,28.6
417,418.0,441.0, University of Dundee,United Kingdom,Europe,L,FC,HI,A,18.4,494,13.7,590,30.8,512,14.0,654,91.1,185.0,89.4,126.0,75.2,405.0,7.4,701,55.4,285.0,28.5
418,418.0,514.0,Bogaziçi University,Turkey,Asia,L,CO,HI,A,24.9,353,65.3,118,4.1,701,10.7,701,10.7,701.0,2.6,701.0,46.8,701.0,84.9,102,46.2,334.0,28.5
419,420.0,454.0,Czech Technical University in Prague,Czech Republic,Europe,L,SP,VH,A,22.0,404,42.4,217,80.6,129,3.6,701,19.9,598.0,50.2,293.0,59.4,639.0,15.6,642,5.8,701.0,28.4
420,421.0,436.0,Dublin City University,Ireland,Europe,L,FC,HI,A,20.1,441,26.0,366,25.8,577,10.7,701,75.0,265.0,22.6,508.0,75.4,401.0,35.3,358,82.5,143.0,28.3
421,421.0,426.0,University of Limerick,Ireland,Europe,L,FC,HI,A,18.3,497,25.5,371,15.7,701,23.0,520,87.1,209.0,30.8,421.0,72.5,447.0,8.0,701,76.4,176.0,28.3
422,423.0,446.0,Aston University,United Kingdom,Europe,L,CO,VH,A,12.5,601,18.5,478,9.0,701,34.4,388,94.2,160.0,53.8,274.0,79.2,336.0,19.6,569,46.9,330.0,28.1
423,423.0,441.0,Université Laval,Canada,Americas,L,FC,VH,A,19.2,468,8.1,601,26.0,572,23.8,512,55.8,336.0,41.6,344.0,80.2,317.0,36.4,349,78.4,166.0,28.1
424,425.0,431.0,National Taipei University of Technology,Taiwan,Asia,M,FO,VH,A,13.9,601,54.7,154,24.3,602,41.6,334,19.8,602.0,20.6,531.0,21.3,701.0,22.5,509,31.3,435.0,28.0
425,426.0,489.0,IPB University (a.k.a. Bogor Agricultural University),Indonesia,Asia,L,FO,VH,A,23.5,375,46.9,196,71.4,186,1.8,701,53.2,351.0,3.6,701.0,19.1,701.0,33.9,373,35.1,403.0,27.9
426,426.0,481.0,Leibniz University Hannover,Germany,Europe,L,CO,VH,A,21.2,415,32.0,293,17.9,701,17.4,591,46.3,388.0,26.9,455.0,78.5,347.0,14.5,676,82.1,146.0,27.9
427,428.0,440.0,Julius-Maximilians-Universität Würzburg,Germany,Europe,L,FC,VH,A,15.8,560,7.0,601,5.5,701,74.4,136,45.0,396.0,9.5,701.0,78.5,348.0,8.7,701,8.8,692.0,27.8
428,428.0,454.0,Southeast University,China (Mainland),Asia,XL,FC,VH,A,13.5,601,6.6,601,20.8,658,82.0,102,14.4,675.0,3.4,701.0,69.2,494.0,5.0,701,11.6,629.0,27.8
429,430.0,436.0,University of Science and Technology Beijing,China (Mainland),Asia,L,CO,VH,A,11.8,601,4.2,601,10.2,701,99.4,21,3.1,701.0,2.8,701.0,56.8,668.0,4.9,701,3.6,701.0,27.7
430,431.0,452.0,Central South University,China (Mainland),Asia,XL,FO,VH,A,8.6,601,4.1,601,5.5,701,99.7,15,6.4,701.0,4.0,701.0,67.5,515.0,14.1,689,3.9,701.0,27.6
431,431.0,418.0,Tomsk State University,Russia,Europe,M,CO,VH,A,22.0,403,13.5,601,99.0,36,4.2,701,21.6,574.0,91.6,113.0,64.1,571.0,4.4,701,1.4,701.0,27.6
432,431.0,403.0,University of Granada,Spain,Europe,XL,FC,VH,A,44.4,191,14.1,581,5.7,701,26.2,482,3.1,701.0,14.8,628.0,96.3,52.0,4.9,701,26.3,478.0,27.6
433,477.0,551.0,Ajman University,United Arab Emirates,Asia,S,FO,VH,B,17.3,521,42.2,221,9.6,701,3.2,701,100.0,6.0,100.0,3.0,48.4,701.0,9.8,701,1.4,701.0,25.1
434,435.0,428.0,IE University,Spain,Europe,M,FO,HI,C,8.1,601,49.3,182,46.5,328,2.2,701,95.2,145.0,100.0,4.0,3.5,701.0,65.6,176,4.6,701.0,27.4
435,436.0,451.0,Iran University of Science and Technology,"Iran, Islamic Republic of",Asia,L,FO,VH,A,7.8,601,14.0,584,2.7,701,98.7,31,12.0,701.0,1.5,701.0,53.4,701.0,5.3,701,1.6,701.0,27.2
436,436.0,431.0,Murdoch University,Australia,Oceania,M,CO,VH,A,8.0,601,4.5,601,5.2,701,57.3,216,85.6,216.0,73.9,194.0,74.9,410.0,14.8,668,11.3,636.0,27.2
437,436.0,476.0,Universitat Politècnica de València,Spain,Europe,L,CO,VH,A,26.5,335,16.3,521,36.1,440,19.7,559,5.5,701.0,25.0,479.0,84.9,248.0,11.7,701,76.1,178.0,27.2
438,439.0,473.0,Vilnius University ,Lithuania,Europe,L,FC,HI,A,19.1,472,23.5,405,74.7,168,3.3,701,12.4,701.0,13.6,649.0,75.5,398.0,83.7,105,27.1,471.0,27.1
440,440.0,469.0,Università degli Studi di Pavia,Italy,Europe,L,FC,VH,A,21.7,406,7.4,601,8.3,701,64.6,173,6.2,701.0,12.6,666.0,82.7,281.0,13.5,701,15.4,585.0,27.0
441,442.0,409.0,Colorado State University,United States,Americas,L,CO,VH,A,18.3,498,20.4,447,60.9,236,17.1,599,18.5,621.0,3.7,701.0,78.4,351.0,22.2,517,70.9,217.0,26.8
442,442.0,421.0,Novosibirsk State University,Russia,Europe,M,CO,VH,A,24.7,354,18.4,480,91.0,81,9.5,701,6.3,701.0,57.0,259.0,56.5,671.0,5.8,701,5.3,701.0,26.8
443,442.0,505.0,Università Cattolica del Sacro Cuore,Italy,Europe,L,FO,VH,B,24.2,360,35.5,267,27.6,552,19.2,567,15.5,661.0,7.1,701.0,60.5,628.0,32.3,393,54.8,289.0,26.8
444,445.0,415.0,James Cook University,Australia,Oceania,M,FC,VH,A,14.4,601,6.5,601,17.5,701,46.9,292,36.7,434.0,16.0,607.0,76.0,389.0,6.7,701,88.9,103.0,26.7
445,445.0,396.0,Justus-Liebig-University Giessen,Germany,Europe,L,FC,VH,A,12.7,601,5.9,601,1.9,701,79.3,113,14.2,679.0,18.8,569.0,83.9,264.0,10.5,701,11.0,644.0,26.7
446,445.0,485.0,Universitat de Valencia,Spain,Europe,XL,FC,VH,A,35.6,246,11.0,601,12.0,701,19.9,557,2.1,701.0,24.3,484.0,89.3,180.0,8.4,701,79.3,159.0,26.7
447,448.0,491.0,Dalian University of Technology,China (Mainland),Asia,XL,CO,VH,A,9.6,601,3.8,601,18.1,701,88.1,82,11.5,701.0,2.9,701.0,55.9,680.0,14.4,678,8.0,701.0,26.6
448,448.0,494.0,Hunan University ,China (Mainland),Asia,XL,CO,VH,A,7.9,601,10.3,601,15.2,701,90.6,74,4.6,701.0,1.8,701.0,46.5,701.0,23.1,495,2.7,701.0,26.6
449,448.0,382.0,Université de Montpellier,France,Europe,XL,FO,VH,A,18.6,486,3.4,601,8.5,701,57.2,217,22.8,562.0,29.9,431.0,99.5,6.0,13.1,701,17.3,561.0,26.6
450,451.0,486.0,University of Electronic Science and Technology of China,China (Mainland),Asia,XL,FO,VH,A,5.3,601,5.0,601,8.2,701,99.1,25,3.2,701.0,2.5,701.0,73.3,433.0,7.2,701,2.3,701.0,26.5
451,452.0,473.0,Beihang University (former BUAA),China (Mainland),Asia,L,CO,VH,A,12.1,601,7.8,601,41.5,375,72.1,147,7.0,701.0,4.5,701.0,51.2,701.0,12.8,701,4.3,701.0,26.4
452,452.0,431.0,National Taiwan Normal University,Taiwan,Asia,M,CO,VH,A,34.7,254,20.5,444,62.9,219,5.4,701,14.5,673.0,25.2,478.0,23.3,701.0,17.3,612,49.8,319.0,26.4
453,452.0,410.0,University of Kansas,United States,Americas,L,FC,VH,A,14.4,601,12.6,601,86.7,99,9.2,701,60.3,322.0,7.2,701.0,84.6,255.0,28.2,435,32.4,427.0,26.4
454,452.0,431.0,University of Stirling,United Kingdom,Europe,M,CO,VH,A,11.2,601,9.4,601,9.3,701,30.3,436,76.9,253.0,81.3,168.0,61.6,606.0,15.8,638,76.1,178.0,26.4
455,456.0,415.0,Moscow Institute of Physics and Technology (MIPT / Moscow Phystech),Russia,Europe,M,FO,VH,A,16.6,541,23.6,404,94.6,64,12.0,692,31.1,489.0,45.5,324.0,41.7,701.0,17.6,605,1.0,701.0,26.3
456,456.0,465.0,Umea University,Sweden,Europe,L,FC,VH,A,19.9,447,11.6,601,71.8,182,15.2,631,51.1,362.0,21.8,518.0,78.0,360.0,9.0,701,26.3,478.0,26.3
457,456.0,421.0,Université de Strasbourg,France,Europe,XL,FC,VH,A,39.1,219,10.3,601,5.1,701,20.7,549,34.2,469.0,35.9,384.0,90.7,161.0,20.4,558,5.4,701.0,26.3
458,456.0,486.0,University of Guelph,Canada,Americas,L,CO,VH,A,12.8,601,12.8,601,5.0,701,50.1,261,46.4,385.0,14.3,636.0,65.2,552.0,11.2,701,82.9,139.0,26.3
459,460.0,396.0,"Stony Brook University, State University of New York",United States,Americas,L,FC,VH,A,18.0,504,7.3,601,32.2,489,23.6,515,34.7,462.0,43.5,332.0,76.0,390.0,21.2,541,79.1,161.0,26.2
460,461.0,410.0,Universidad de Santiago de Chile (USACH),Chile,Americas,L,FC,HI,A,43.4,195,55.0,152,7.2,701,4.2,701,6.3,701.0,2.2,701.0,51.1,701.0,12.7,701,11.2,642.0,26.1
461,462.0,436.0,Tampere University,Finland,Europe,L,FC,VH,A,21.7,407,15.4,548,20.4,662,33.1,400,44.5,398.0,5.9,701.0,84.8,251.0,30.8,409,23.0,508.0,26.0
462,462.0,494.0,Universidad de Sevilla,Spain,Europe,XL,FC,VH,A,39.1,221,12.6,601,18.4,701,8.2,701,3.5,701.0,18.9,567.0,91.4,152.0,16.0,634,67.4,231.0,26.0
463,464.0,505.0,Macau University of Science and Technology,Macau SAR,Asia,L,CO,VH,B,4.4,601,3.4,601,3.9,701,56.4,222,100.0,23.0,100.0,1.0,26.2,701.0,29.5,423,11.3,636.0,25.9
464,465.0,476.0,Kobe University,Japan,Asia,L,FC,VH,A,28.4,309,33.2,281,43.9,356,11.4,701,7.0,701.0,5.6,701.0,55.0,698.0,15.0,662,49.8,319.0,25.8
465,466.0,478.0,Universität Konstanz,Germany,Europe,M,CO,VH,A,18.3,495,10.5,601,37.8,421,18.3,578,85.9,215.0,14.5,634.0,66.1,537.0,13.1,701,63.1,250.0,25.7
466,466.0,625.5,Universitat Ramon Llull,Spain,Europe,L,CO,HI,B,11.0,601,52.0,167,8.7,701,8.1,701,93.6,164.0,43.1,336.0,32.6,701.0,71.7,149,20.1,530.0,25.7
467,466.0,491.0,University at Buffalo SUNY,United States,Americas,L,FC,VH,A,18.0,503,10.7,601,8.8,701,33.6,393,20.1,596.0,36.9,380.0,68.6,504.0,33.3,383,82.5,143.0,25.7
468,466.0,419.0,Washington State University,United States,Americas,L,FC,VH,A,23.3,379,20.0,452,15.5,701,33.5,396,47.1,379.0,5.0,701.0,77.3,373.0,8.6,701,29.6,447.0,25.7
469,470.0,400.0,Iowa State University,United States,Americas,L,CO,VH,A,20.7,425,12.0,601,9.1,701,47.9,280,7.5,701.0,12.5,667.0,77.3,374.0,32.9,388,31.3,435.0,25.6
470,471.0,469.0,Ben-Gurion University of The Negev,Israel,Asia,L,FC,VH,A,14.4,601,14.5,569,11.1,701,51.7,253,64.0,304.0,14.3,635.0,64.9,558.0,16.3,630,11.8,623.0,25.5
471,472.0,459.0,"Essex, University of",United Kingdom,Europe,L,CO,VH,A,15.5,568,5.2,601,12.7,701,22.6,523,99.8,93.0,98.6,62.0,75.1,408.0,14.0,693,13.2,606.0,25.3
472,472.0,446.0,Johannes Kepler University Linz,Austria,Europe,M,FO,VH,A,12.8,601,12.3,601,75.9,162,14.3,649,83.5,226.0,33.5,402.0,59.7,636.0,12.2,701,13.2,606.0,25.3
473,474.0,481.0,Bangor University,United Kingdom,Europe,M,FC,VH,A,8.6,601,5.8,601,12.1,701,43.0,321,40.7,416.0,52.3,280.0,75.0,409.0,8.1,701,82.9,139.0,25.2
474,474.0,472.0,Hiroshima University,Japan,Asia,L,FC,VH,A,24.1,363,12.3,601,75.9,161,8.9,701,13.2,701.0,12.9,660.0,70.1,485.0,6.9,701,50.8,315.0,25.2
475,474.0,460.0,Universität Potsdam,Germany,Europe,L,FO,VH,A,15.8,557,3.4,601,18.6,701,36.5,375,51.8,358.0,21.2,526.0,92.9,121.0,1.3,701,67.1,232.0,25.2
476,434.0,465.0,University of Sharjah,United Arab Emirates,Asia,L,CO,VH,B,18.1,501,17.3,496,6.0,701,22.0,532,100.0,8.0,100.0,31.0,84.8,250.0,11.2,701,11.8,623.0,27.5
477,477.0,502.0,Bilkent University,Turkey,Asia,M,CO,VH,B,24.0,365,52.1,164,13.3,701,15.2,632,61.4,319.0,3.7,701.0,38.3,701.0,19.3,573,10.6,653.0,25.1
478,477.0,454.0,Indian Institute of Technology Indore (IIT Indore),India,Asia,S,FO,VH,A,6.1,601,5.0,601,27.1,558,95.6,47,2.1,701.0,1.1,701.0,23.6,701.0,2.2,701,4.2,701.0,25.1
479,477.0,413.0,Royal Holloway University of London,United Kingdom,Europe,M,CO,VH,A,14.9,585,5.7,601,13.0,701,27.2,474,94.1,161.0,86.9,141.0,73.2,434.0,7.2,701,19.7,537.0,25.1
480,481.0,387.0,Aix-Marseille University,France,Europe,XL,FC,VH,A,36.9,235,6.5,601,7.9,701,21.7,534,17.5,633.0,18.2,578.0,99.1,13.0,15.2,656,25.5,488.0,25.0
481,481.0,514.0,Pontificia Universidad Católica Argentina,Argentina,Americas,L,FC,MD,B,19.9,446,29.4,320,99.9,19,1.1,701,1.9,701.0,6.7,701.0,12.5,701.0,85.7,97,1.0,701.0,25.0
482,481.0,446.0,"The University of Tennessee, Knoxville",United States,Americas,XL,FC,VH,A,10.1,601,8.2,601,9.5,701,76.3,131,4.9,701.0,2.4,701.0,77.3,371.0,11.0,701,15.0,592.0,25.0
483,484.0,534.0,China Agricultural University ,China (Mainland),Asia,L,FC,VH,A,8.4,601,2.6,601,18.9,701,88.8,79,3.2,701.0,1.5,701.0,52.2,701.0,4.5,701,5.8,701.0,24.9
485,485.0,505.0,National Sun Yat-sen University,Taiwan,Asia,M,CO,VH,A,26.5,334,24.9,383,32.0,493,22.1,529,22.7,563.0,10.8,701.0,35.6,701.0,11.4,701,48.9,324.0,24.8
486,487.0,454.0,Universität Mannheim,Germany,Europe,M,FO,VH,A,15.3,572,53.9,157,3.0,701,31.0,427,42.4,406.0,22.7,506.0,27.9,701.0,34.9,363,1.5,701.0,24.7
487,488.0,386.0,University of Hawai?i at Manoa,United States,Americas,L,FC,VH,A,15.2,576,6.6,601,29.7,525,41.7,332,41.7,412.0,12.0,679.0,82.9,278.0,7.9,701,30.1,443.0,24.6
488,489.0,561.0,Chongqing University,China (Mainland),Asia,XL,SP,VH,A,7.6,601,4.6,601,12.1,701,81.4,105,21.3,582.0,2.1,701.0,59.6,637.0,13.6,701,4.1,701.0,24.5
489,489.0,494.0,Chung-Ang University (CAU),South Korea,Asia,L,FC,VH,B,16.0,555,31.9,296,67.8,195,9.3,701,14.2,680.0,37.8,371.0,29.9,701.0,13.5,701,49.5,322.0,24.5
491,489.0,514.0,Shanghai University,China (Mainland),Asia,XL,FO,VH,A,20.3,435,13.1,601,50.8,303,30.5,429,40.9,415.0,5.3,701.0,58.7,649.0,8.9,701,10.5,655.0,24.5
492,489.0,419.0,UNESP,Brazil,Americas,XL,FC,VH,A,41.1,207,25.8,368,13.0,701,16.2,619,5.9,701.0,2.7,701.0,70.9,469.0,1.5,701,14.5,600.0,24.5
493,489.0,446.0,University of Jyväskylä,Finland,Europe,M,FO,VH,A,16.2,548,11.4,601,87.7,96,12.1,687,44.0,400.0,2.6,701.0,81.2,303.0,10.4,701,16.3,570.0,24.5
494,495.0,590.0,Central Queensland University (CQUniversity Australia),Australia,Oceania,S,FO,VH,A,9.0,601,6.7,601,29.4,528,20.9,548,97.1,128.0,97.8,72.0,44.0,701.0,3.1,701,49.8,319.0,24.4
495,495.0,514.0,Duy Tan University,Vietnam,Asia,L,CO,VH,C,11.9,601,25.3,376,3.9,701,49.0,273,37.7,428.0,1.4,701.0,83.5,273.0,4.4,701,29.0,453.0,24.4
496,497.0,502.0,Jilin University,China (Mainland),Asia,XL,FC,VH,A,12.1,601,46.1,200,37.4,428,27.4,472,11.6,701.0,2.1,701.0,62.2,601.0,23.2,492,9.1,686.0,24.2
497,497.0,461.0,National Research Nuclear University MEPhI (Moscow Engineering Physics Institute),Russia,Europe,M,FO,VH,A,9.2,601,11.8,601,98.9,39,8.1,701,45.8,391.0,89.5,125.0,32.9,701.0,14.6,675,1.1,701.0,24.2
498,497.0,544.0,Universidad de Costa Rica,Costa Rica,Americas,XL,CO,HI,A,35.4,248,24.3,397,32.3,487,1.6,701,2.4,701.0,2.0,701.0,45.5,701.0,81.6,115,16.9,563.0,24.2
499,497.0,404.0,"University of California, Riverside",United States,Americas,L,FC,VH,A,16.3,546,9.4,601,6.6,701,50.9,256,47.9,375.0,10.4,701.0,77.3,372.0,3.7,701,21.3,521.0,24.2
500,202.0,230.0,Khalifa University of Science and Technology,United Arab Emirates,Asia,S,SP,VH,A,22.7,393,21.0,437,80.0,137,60.7,199,100.0,12.0,78.9,174.0,78.8,341.0,9.3,701,61.6,263.0,46.1
501,501.0,465.0,Colorado School of Mines,United States,Americas,M,FO,VH,A,6.8,601,12.5,601,15.8,701,72.0,148,29.7,496.0,7.4,701.0,30.9,701.0,17.7,604,18.0,555.0,24.1
502,501.0,511.0,East China Normal University,China (Mainland),Asia,L,CO,VH,A,13.3,601,4.7,601,16.2,701,63.5,180,24.1,546.0,9.0,701.0,72.0,450.0,9.0,701,6.8,701.0,24.1
503,501.0,464.0,Johannes Gutenberg Universität Mainz,Germany,Europe,L,FO,VH,A,22.3,400,11.4,601,57.8,254,11.5,701,42.0,411.0,15.5,614.0,87.0,215.0,11.4,701,16.3,570.0,24.1
504,501.0,567.0,University of Huddersfield,United Kingdom,Europe,L,CO,VH,A,12.7,601,12.4,601,7.5,701,19.4,564,63.7,308.0,85.6,148.0,73.0,441.0,1.3,701,72.3,205.0,24.1
505,506.0,498.0,University of Delaware,United States,Americas,L,CO,VH,A,9.4,601,7.9,601,6.6,701,53.9,237,30.0,495.0,12.6,665.0,66.5,530.0,16.9,617,65.3,239.0,24.0
506,506.0,429.0,University of Trento,Italy,Europe,L,CO,VH,A,24.9,352,10.5,601,22.0,639,32.7,402,29.6,497.0,6.1,701.0,85.8,234.0,4.4,701,19.0,547.0,24.0
507,508.0,530.0,Aristotle University of Thessaloniki,Greece,Europe,XL,FC,VH,A,28.2,313,26.1,365,4.3,701,15.8,623,1.7,701.0,4.1,701.0,90.5,164.0,38.3,335,44.3,348.0,23.9
508,508.0,595.0,Shenzhen University,China (Mainland),Asia,XL,CO,VH,A,7.7,601,3.2,601,42.1,369,64.5,175,11.0,701.0,1.4,701.0,65.1,555.0,15.8,637,7.4,701.0,23.9
509,508.0,511.0,SOAS University of London ,United Kingdom,Europe,M,SP,VH,A,17.1,528,9.4,601,14.8,701,15.1,635,100.0,60.0,98.7,61.0,16.9,701.0,22.4,513,39.1,378.0,23.9
510,511.0,498.0,Ewha Womans University,South Korea,Asia,L,FC,HI,B,22.1,401,21.2,434,76.3,157,6.9,701,7.0,701.0,24.4,483.0,31.3,701.0,23.0,496,34.2,413.0,23.8
511,511.0,625.5,Zhengzhou University,China (Mainland),Asia,XL,FC,VH,A,5.4,601,22.0,422,4.9,701,80.3,108,30.62604242867593,530.4498902706657,2.4,701.0,56.3,674.0,5.7,701,2.4,701.0,23.8
512,513.0,595.0,Imam Abdulrahman Bin Faisal University (IAU) (formerly UNIVERSITY OF DAMMAM),Saudi Arabia,Asia,L,FC,HI,A,10.5,601,11.4,601,89.5,87,2.6,701,98.2,118.0,19.7,548.0,68.3,509.0,2.4,701,18.4,549.0,23.7
513,513.0,590.0,Prince Mohammad Bin Fahd university,Saudi Arabia,Asia,S,SP,HI,B,20.3,436,23.0,409,23.1,621,27.8,468,100.0,11.0,18.8,570.0,23.3,701.0,2.8,701,1.2,701.0,23.7
514,513.0,481.0,University of Milano-Bicocca ,Italy,Europe,L,FO,VH,A,20.4,432,10.9,601,3.3,701,54.1,236,3.5,701.0,4.3,701.0,81.1,307.0,11.5,701,14.8,596.0,23.7
515,516.0,563.0,Ateneo de Manila University,Philippines,Asia,L,SP,VH,B,21.4,410,64.5,122,24.4,601,1.8,701,2.9,701.0,2.5,701.0,23.0,701.0,70.6,156,15.6,584.0,23.6
516,516.0,529.0,Edith Cowan University ,Australia,Oceania,L,CO,VH,A,8.5,601,6.8,601,4.8,701,49.8,265,78.5,245.0,57.7,256.0,64.5,565.0,4.7,701,5.8,701.0,23.6
517,516.0,556.0,INTI International University,Malaysia,Asia,S,CO,HI,C,7.7,601,19.9,453,89.1,90,1.7,701,95.4,143.0,92.9,102.0,7.0,701.0,4.4,701,1.1,701.0,23.6
518,516.0,520.0,Kyungpook National University,South Korea,Asia,L,FC,VH,A,11.1,601,16.7,514,66.9,196,20.5,551,11.1,701.0,25.7,470.0,52.0,701.0,10.6,701,60.6,266.0,23.6
519,516.0,526.0,Sabanci University,Turkey,Asia,S,CO,VH,B,19.5,457,44.6,206,38.2,416,19.4,565,32.0,483.0,14.2,637.0,25.9,701.0,7.2,701,7.9,701.0,23.6
520,516.0,523.0,University of Hull,United Kingdom,Europe,L,FC,HI,A,8.9,601,4.5,601,14.3,701,21.5,537,63.3,309.0,81.5,166.0,76.9,380.0,20.5,555,68.0,228.0,23.6
521,516.0,473.0,Ural Federal University - UrFU,Russia,Europe,XL,CO,VH,A,19.6,455,14.2,577,95.5,60,2.1,701,5.4,701.0,25.3,475.0,86.6,220.0,1.9,701,12.7,615.0,23.6
522,625.5,705.5,Zayed University,United Arab Emirates,Asia,M,SP,VH,A,17.6,515,18.4,479,24.3,604,8.6,701,100.0,15.0,1.9,701.0,50.8,701.0,20.9,550,2.9,701.0,42.056250000000006
523,524.0,615.5,Pusan National University,South Korea,Asia,L,FC,VH,A,18.7,482,16.5,516,43.5,359,19.5,562,10.5,701.0,13.7,646.0,57.7,657.0,13.8,700,65.0,241.0,23.4
524,524.0,520.0,Universidad Austral,Argentina,Americas,M,FC,MD,B,20.9,420,36.2,259,79.7,139,1.9,701,2.7,701.0,7.5,701.0,10.2,701.0,65.9,174,1.3,701.0,23.4
525,526.0,461.0,Universität Jena,Germany,Europe,L,FC,VH,A,17.2,525,5.7,601,99.9,23,8.8,701,30.62604242867593,530.4498902706657,20.2,535.0,94.7,82.0,3.9,701,13.1,613.0,23.3
526,527.0,480.0,Missouri University of Science and Technology,United States,Americas,M,CO,VH,A,4.0,601,6.1,601,5.7,701,86.2,90,35.2,455.0,12.8,663.0,30.5,701.0,4.8,701,1.7,701.0,23.2
527,527.0,479.0,Universität Leipzig,Germany,Europe,L,FC,VH,A,23.5,378,9.7,601,74.8,167,8.4,701,30.62604242867593,530.4498902706657,14.2,638.0,84.3,257.0,10.5,701,21.3,521.0,23.2
528,527.0,509.0,University of Bayreuth,Germany,Europe,M,CO,VH,A,10.2,601,15.7,544,50.3,307,25.8,489,54.8,339.0,21.2,525.0,75.1,407.0,9.0,701,11.3,636.0,23.2
529,527.0,571.0,Warsaw University of Technology,Poland,Europe,L,FO,VH,A,23.3,380,51.9,168,42.6,366,4.7,701,2.4,701.0,10.3,701.0,60.6,627.0,9.8,701,1.4,701.0,23.2
530,526.0,571.0,Coventry University,United Kingdom,Europe,XL,CO,VH,A,9.9,601,10.4,601,16.9,701,7.1,701,77.0,253.0,99.9,35.0,82.6,283.0,10.0,701,64.4,243.0,23.3
531,531.0,571.0,Indian Institute of Technology (BHU) Varanasi,India,Asia,M,FO,VH,A,5.5,601,5.9,601,3.9,701,95.0,48,1.4,701.0,1.1,701.0,24.5,701.0,6.5,701,10.1,661.0,23.1
532,531.0,645.5,University of Bradford,United Kingdom,Europe,M,CO,VH,A,9.1,601,7.1,601,6.8,701,21.7,534,68.5,290.0,97.6,75.0,66.0,539.0,34.3,368,40.7,362.0,23.1
533,531.0,441.0,University of Utah,United States,Americas,XL,FC,VH,A,15.7,561,6.3,601,50.0,309,30.5,431,15.5,659.0,10.3,701.0,80.5,313.0,17.4,608,24.5,492.0,23.1
534,534.0,540.0,Universidad Nacional de La Plata (UNLP),Argentina,Americas,XL,FC,HI,A,40.8,208,19.2,466,28.4,547,1.9,701,5.3,701.0,22.6,507.0,55.4,689.0,27.3,438,2.2,701.0,23.0
535,535.0,540.0,Lahore University of Management Sciences (LUMS),Pakistan,Asia,S,CO,VH,B,17.2,526,73.2,93,27.1,560,7.4,701,12.2,701.0,1.8,701.0,19.5,701.0,37.0,345,1.1,701.0,22.9
536,535.0,548.0,Northumbria University at Newcastle,United Kingdom,Europe,L,CO,VH,A,10.9,601,10.8,601,11.8,701,15.8,622,70.7,281.0,56.2,267.0,78.4,350.0,14.0,691,75.3,184.0,22.9
537,535.0,465.0,University of Bordeaux,France,Europe,XL,FO,VH,A,31.3,284,5.5,601,11.5,701,17.6,588,27.1,517.0,23.3,500.0,92.9,120.0,16.7,620,20.1,530.0,22.9
538,535.0,548.0,University of Eastern Finland,Finland,Europe,L,CO,VH,A,13.8,601,7.6,601,43.7,357,18.4,576,37.4,431.0,5.2,701.0,86.4,224.0,4.2,701,78.6,164.0,22.9
539,539.0,582.0,Applied Science University - Bahrain,Bahrain,Asia,S,FO,VH,B,23.5,377,25.0,380,39.3,398,2.0,701,100.0,17.0,46.8,313.0,13.3,701.0,11.3,701,1.7,701.0,22.8
540,539.0,481.0,Hitotsubashi University,Japan,Asia,M,SP,VH,A,14.4,601,73.0,94,30.8,510,2.1,701,19.8,600.0,20.0,539.0,7.5,701.0,51.9,242,1.1,701.0,22.8
541,539.0,586.0,Sunway University,Malaysia,Asia,S,CO,VH,B,13.0,601,39.2,240,44.0,355,10.3,701,35.9,443.0,33.2,404.0,51.1,701.0,3.9,701,27.3,468.0,22.8
542,539.0,563.0,Université de Fribourg,Switzerland,Europe,M,CO,VH,A,10.3,601,3.0,601,7.5,701,25.4,493,99.9,84.0,38.3,368.0,58.3,654.0,40.6,314,51.8,310.0,22.8
543,539.0,534.0,University of Salamanca,Spain,Europe,L,FC,VH,A,26.9,328,14.6,567,26.0,570,6.2,701,6.9,701.0,14.9,625.0,80.0,322.0,23.4,484,69.5,223.0,22.8
544,544.0,523.0,Universidad de Zaragoza,Spain,Europe,L,FC,VH,A,21.3,413,5.1,601,56.1,262,7.0,701,4.5,701.0,9.0,701.0,89.5,174.0,10.7,701,77.1,175.0,22.7
545,544.0,582.0,Universidad Pontificia Comillas,Spain,Europe,M,FO,VH,B,8.3,601,71.6,97,38.3,415,2.2,701,18.7,616.0,5.0,701.0,9.0,701.0,85.4,100,7.1,701.0,22.7
546,547.0,625.5,Northwestern Polytechnical University,China (Mainland),Asia,XL,CO,VH,A,5.8,601,3.2,601,44.8,345,63.8,178,16.7,643.0,5.2,701.0,53.4,701.0,6.6,701,2.4,701.0,22.6
548,547.0,530.0,University of Genoa,Italy,Europe,L,FC,VH,A,18.8,479,4.9,601,12.7,701,43.7,314,5.4,701.0,9.2,701.0,81.2,304.0,10.5,701,39.5,371.0,22.6
550,547.0,645.5,University of Windsor,Canada,Americas,L,CO,VH,A,3.9,601,3.9,601,2.2,701,36.2,378,88.7,199.0,83.8,159.0,51.1,701.0,25.8,458,38.5,381.0,22.6
551,261.0,290.0,United Arab Emirates University,United Arab Emirates,Asia,M,FC,VH,A,30.1,295,38.3,247,49.8,312,16.6,612,100.0,19.0,34.2,396.0,86.2,230.0,82.0,111,36.6,393.0,39.4
553,554.0,551.0,Hasselt University ,Belgium,Europe,M,FO,VH,A,5.8,601,3.3,601,82.1,120,15.4,630,74.2,268.0,25.3,476.0,69.6,490.0,2.4,701,26.8,473.0,22.4
554,554.0,735.5,Jordan University of Science & Technology,Jordan,Asia,M,CO,VH,A,21.0,419,30.7,306,18.8,701,5.6,701,38.2,425.0,67.7,218.0,55.5,685.0,4.3,701,24.5,492.0,22.4
555,554.0,538.0,Universiti Utara Malaysia (UUM),Malaysia,Asia,M,SP,VH,A,22.0,402,25.4,373,38.8,406,8.2,701,19.4,609.0,79.3,173.0,34.1,701.0,12.3,701,5.3,701.0,22.4
556,554.0,695.5,University of Dhaka,Bangladesh,Asia,XL,FC,HI,A,23.0,390,45.6,201,11.2,701,2.9,701,1.6,701.0,1.0,701.0,52.0,701.0,93.7,59,11.8,623.0,22.4
557,554.0,542.0,University Ulm,Germany,Europe,M,FO,VH,A,7.4,601,5.5,601,78.5,147,31.2,422,39.6,420.0,21.0,528.0,61.1,615.0,2.9,701,2.1,701.0,22.4
558,559.0,534.0,Peter the Great St. Petersburg Polytechnic University,Russia,Europe,L,CO,VH,A,16.0,551,10.9,601,74.3,171,2.9,701,14.1,681.0,84.0,157.0,64.7,562.0,4.9,701,11.2,642.0,22.3
559,559.0,498.0,Ulster University,United Kingdom,Europe,L,CO,VH,A,8.1,601,11.3,601,9.6,701,11.5,701,99.8,91.0,77.6,182.0,73.4,431.0,6.8,701,62.2,254.0,22.3
560,559.0,605.5,Umm Al-Qura University ,Saudi Arabia,Asia,XL,FC,HI,A,20.7,423,12.8,601,54.7,279,2.2,701,100.0,80.0,16.0,606.0,59.7,635.0,6.7,701,3.1,701.0,22.3
561,562.0,452.0,Université Claude Bernard Lyon 1,France,Europe,XL,FC,VH,A,18.1,502,3.7,601,7.9,701,48.3,276,7.4,701.0,12.0,681.0,93.7,106.0,12.4,701,11.0,644.0,22.2
562,562.0,525.0,Universiti Teknologi Brunei,Brunei,Asia,S,FO,VH,A,15.4,570,6.3,601,88.5,92,9.9,701,100.0,63.0,5.8,701.0,15.9,701.0,14.7,671,1.4,701.0,22.2
563,564.0,705.5,Eötvös Loránd University,Hungary,Europe,L,CO,VH,A,23.3,382,22.6,414,10.7,701,6.1,701,5.2,701.0,11.0,701.0,71.3,464.0,60.9,198,61.9,258.0,22.1
564,565.0,600.0,Nanjing University of Science and Technology,China (Mainland),Asia,L,FO,VH,A,5.7,601,2.5,601,8.9,701,89.3,78,30.62604242867593,530.4498902706657,25.733759772565744,531.8550106609808,38.7,701.0,3.7,701,2.3,701.0,22.0
565,565.0,444.0,University of Connecticut,United States,Americas,L,FC,VH,A,14.4,600,8.1,601,18.2,701,29.8,438,27.4,514.0,19.4,556.0,88.0,198.0,23.3,487,37.6,388.0,22.0
566,567.0,571.0,Chiang Mai University,Thailand,Asia,XL,FC,HI,A,34.8,252,17.1,501,17.3,701,4.2,701,4.8,701.0,4.2,701.0,62.5,596.0,19.1,578,56.1,282.0,21.9
567,567.0,577.0,Lebanese University,Lebanon,Asia,XL,FC,HI,A,29.0,304,34.4,274,10.1,701,2.2,701,43.8,402.0,29.5,435.0,43.7,701.0,29.9,418,5.8,701.0,21.9
568,567.0,526.0,MGIMO University,Russia,Europe,M,CO,HI,A,9.8,601,25.4,372,100.0,18,1.3,701,11.3,701.0,41.3,346.0,5.7,701.0,60.0,204,1.0,701.0,21.9
569,570.0,556.0,"University of Chemistry and Technology, Prague",Czech Republic,Europe,S,FO,VH,A,5.6,601,9.3,601,98.4,44,13.5,661,23.9,547.0,78.4,179.0,34.9,701.0,4.2,701,3.4,701.0,21.8
570,570.0,605.5,University of Szeged,Hungary,Europe,L,FC,HI,B,18.5,491,16.8,510,37.0,434,4.8,701,11.8,701.0,41.2,347.0,73.1,440.0,15.0,663,61.9,258.0,21.8
571,570.0,745.5,University of the Punjab,Pakistan,Asia,XL,CO,VH,A,15.6,566,52.2,162,4.5,701,11.6,701,3.2,701.0,1.3,701.0,62.2,603.0,81.4,118,4.3,701.0,21.8
572,573.0,461.0,Florida State University,United States,Americas,XL,FC,VH,A,25.6,346,18.1,485,7.2,701,24.8,500,10.0,701.0,4.2,701.0,71.9,452.0,18.4,595,26.8,473.0,21.6
573,574.0,556.0,Florida International University,United States,Americas,XL,FC,VH,A,15.3,573,22.5,417,11.8,701,12.6,680,20.3,593.0,12.9,661.0,86.7,217.0,16.6,621,81.2,148.0,21.5
574,574.0,675.5,University of Debrecen,Hungary,Europe,L,FC,HI,A,17.9,505,13.9,588,34.0,464,3.9,701,10.6,701.0,70.0,209.0,76.7,385.0,21.4,537,39.5,371.0,21.5
575,576.0,586.0,National Research Tomsk Polytechnic University,Russia,Europe,M,FO,VH,A,8.9,601,8.4,601,95.1,61,3.7,701,10.9,701.0,82.8,163.0,62.7,592.0,2.0,701,7.1,701.0,21.4
576,576.0,509.0,Sogang University,South Korea,Asia,M,CO,VH,B,17.5,516,45.5,202,56.7,260,5.1,701,7.1,701.0,19.6,552.0,13.8,701.0,16.0,635,17.7,557.0,21.4
577,576.0,655.5,Southern Cross University ,Australia,Oceania,M,CO,VH,A,4.4,601,2.8,601,2.9,701,46.3,299,81.1,234.0,44.8,327.0,44.2,701.0,4.8,701,48.2,327.0,21.4
578,576.0,567.0,Universidad Adolfo Ibáñez,Chile,Americas,M,SP,VH,B,20.6,428,57.0,141,4.7,701,4.6,701,36.9,433.0,3.9,701.0,31.5,701.0,53.3,237,2.0,701.0,21.4
579,580.0,605.5,Jawaharlal Nehru University,India,Asia,M,CO,VH,A,31.0,287,14.4,571,10.0,701,28.9,448,30.62604242867593,530.4498902706657,1.3,701.0,47.4,701.0,14.7,672,19.7,537.0,21.3
580,580.0,635.5,Jinan University (China),China (Mainland),Asia,XL,FC,VH,A,5.2,601,2.7,601,8.9,701,52.7,244,34.0,470.0,83.1,162.0,52.8,701.0,6.5,701,3.1,701.0,21.3
581,580.0,625.5,Management and Science University,Malaysia,Asia,S,FO,VH,C,15.1,581,18.1,487,40.2,389,1.8,701,97.3,126.0,99.4,51.0,12.1,701.0,4.2,701,1.2,701.0,21.3
582,580.0,556.0,Politecnico di Bari,Italy,Europe,S,SP,VH,A,6.9,601,4.8,601,11.3,701,76.5,129,4.6,701.0,7.2,701.0,46.6,701.0,3.5,701,1.3,701.0,21.3
583,580.0,511.0,Université Paul Sabatier Toulouse III,France,Europe,L,FO,VH,A,17.7,510,3.4,601,38.5,411,28.0,465,5.1,701.0,21.5,521.0,98.5,18.0,6.0,701,10.3,658.0,21.3
584,585.0,625.5,Institut Teknologi Sepuluh Nopember (ITS Surabaya),Indonesia,Asia,L,FO,VH,A,17.3,519,48.9,184,47.8,325,1.6,701,47.5,376.0,5.3,701.0,12.0,701.0,13.0,701,16.1,577.0,21.2
585,585.0,545.0,Singapore Management University,Singapore,Asia,M,SP,VH,A,12.3,601,14.2,578,10.2,701,18.8,572,100.0,46.0,58.9,251.0,20.8,701.0,27.1,443,26.3,478.0,21.2
586,587.0,567.0,Bond University,Australia,Oceania,S,FO,VH,B,4.3,601,4.6,601,47.8,326,28.8,450,70.4,283.0,86.6,144.0,26.5,701.0,8.4,701,1.0,701.0,21.1
587,587.0,775.5,Shoolini University of Biotechnology and Management Sciences,India,Asia,S,CO,VH,B,10.0,601,14.9,561,8.1,701,55.9,224,33.3,476.0,1.7,701.0,44.8,701.0,2.0,701,16.3,570.0,21.1
588,587.0,514.0,The University of Georgia,United States,Americas,XL,FC,VH,A,20.6,427,18.6,473,9.8,701,24.4,504,6.7,701.0,4.5,701.0,83.7,267.0,21.5,531,30.7,440.0,21.1
589,587.0,555.0,Universiti Teknologi MARA - UiTM,Malaysia,Asia,XL,FC,VH,A,30.8,288,40.4,234,17.6,701,2.8,701,1.7,701.0,2.1,701.0,68.6,503.0,3.6,701,15.2,590.0,21.1
590,587.0,625.5,University of Kwazulu-Natal,South Africa,Africa,XL,FC,VH,A,12.6,601,10.2,601,5.5,701,24.5,503,24.5,544.0,1.6,701.0,93.7,107.0,71.2,154,37.9,386.0,21.1
591,592.0,725.5,Ain Shams University ,Egypt,Africa,XL,FC,VH,A,24.0,364,32.2,292,11.3,701,1.9,701,23.1,557.0,7.5,701.0,74.2,418.0,56.3,219,9.8,672.0,21.0
592,592.0,595.0,Nottingham Trent University,United Kingdom,Europe,XL,CO,HI,A,10.6,601,15.1,557,10.6,701,5.1,701,57.1,333.0,74.0,193.0,84.6,254.0,12.0,701,64.1,245.0,21.0
593,592.0,514.0,Universität Bremen,Germany,Europe,L,CO,VH,A,18.5,490,7.7,601,13.1,701,24.4,505,46.9,382.0,26.4,460.0,89.1,182.0,1.8,701,19.9,535.0,21.0
594,595.0,542.0,ITMO University,Russia,Europe,M,FO,VH,A,10.5,601,13.0,601,95.5,59,5.4,701,20.3,592.0,36.2,382.0,65.3,550.0,1.9,701,1.2,701.0,20.9
595,596.0,600.0,Thammasat University,Thailand,Asia,L,FC,HI,A,24.6,355,19.4,465,26.6,564,2.1,701,9.1,701.0,1.7,701.0,41.0,701.0,84.6,103,33.6,416.0,20.8
596,596.0,665.5,Universitas Padjadjaran,Indonesia,Asia,XL,FO,VH,A,19.0,476,41.6,228,41.4,378,1.4,701,34.8,460.0,2.2,701.0,19.6,701.0,33.4,381,21.3,521.0,20.8
597,596.0,491.0,University of Iowa,United States,Americas,L,FC,VH,A,18.4,493,8.7,601,41.7,372,19.1,568,15.5,660.0,3.7,701.0,75.6,396.0,26.6,446,20.8,527.0,20.8
598,596.0,625.5,University of Ljubljana,Slovenia,Europe,XL,FC,VH,A,19.9,451,9.2,601,33.3,474,5.9,701,4.2,701.0,9.7,701.0,84.8,249.0,97.6,32,4.9,701.0,20.8
599,596.0,520.0,University of Texas Dallas,United States,Americas,L,FC,VH,A,13.1,601,15.9,537,3.4,701,43.3,317,9.7,701.0,47.4,309.0,60.4,630.0,4.9,701,9.5,678.0,20.8
600,605.5,665.5,Ca' Foscari University of Venice ,Italy,Europe,L,CO,VH,A,19.6,456,15.8,539,5.7,701,12.7,675,42.0,408.0,8.9,701.0,64.6,564.0,12.3,701,74.5,193.0,42.056250000000006
601,605.5,469.0,Illinois Institute of Technology,United States,Americas,M,FO,VH,B,12.8,601,11.0,601,14.1,701,35.9,379,19.2,610.0,97.3,77.0,18.9,701.0,12.2,701,1.6,701.0,42.056250000000006
602,605.5,765.5,King Khalid University,Saudi Arabia,Asia,L,FC,VH,A,16.6,540,8.3,601,49.8,313,2.7,701,100.0,27.0,18.0,579.0,78.3,353.0,2.2,701,2.3,701.0,42.056250000000006
603,605.5,605.5,"Kingston University, London",United Kingdom,Europe,L,CO,HI,A,17.9,506,15.3,550,5.8,701,7.6,701,70.8,280.0,99.2,56.0,48.2,701.0,12.6,701,6.9,701.0,42.056250000000006
604,605.5,590.0,Manchester Metropolitan University (MMU),United Kingdom,Europe,XL,CO,VH,A,11.8,601,12.6,601,8.1,701,10.1,701,42.9,405.0,37.7,373.0,91.7,143.0,12.3,701,79.6,156.0,42.056250000000006
605,605.5,567.0,National Chengchi University,Taiwan,Asia,L,CO,HI,A,20.1,443,37.8,249,17.1,701,2.2,701,26.5,521.0,21.8,517.0,13.3,701.0,91.1,70,1.6,701.0,42.056250000000006
606,605.5,685.5,Paris Lodron University of Salzburg,Austria,Europe,M,CO,VH,A,9.7,601,2.9,601,20.8,659,6.8,701,96.1,137.0,93.7,101.0,55.5,687.0,15.7,640,39.5,371.0,42.056250000000006
607,605.5,494.0,Rensselaer Polytechnic Institute,United States,Americas,M,CO,VH,B,8.0,601,8.4,601,19.7,681,56.6,221,3.7,701.0,29.9,430.0,25.0,701.0,31.4,402,2.8,701.0,42.056250000000006
608,605.5,600.0,Universität des Saarlandes,Germany,Europe,L,FC,VH,A,10.2,601,5.0,601,92.2,77,7.0,701,4.6,701.0,35.9,385.0,71.4,462.0,29.0,428,1.2,701.0,42.056250000000006
609,605.5,534.0,University of Crete,Greece,Europe,L,FC,HI,A,13.9,601,12.7,601,2.4,701,58.7,208,2.3,701.0,3.5,701.0,57.0,663.0,3.6,701,1.8,701.0,42.056250000000006
610,605.5,655.5,University of Hohenheim,Germany,Europe,M,SP,VH,A,8.6,601,6.1,601,12.0,701,47.5,285,25.2,530.0,25.9,466.0,76.9,381.0,5.0,701,19.2,545.0,42.056250000000006
611,605.5,575.0,University of South Carolina,United States,Americas,XL,FC,VH,A,13.8,601,9.4,601,9.7,701,28.3,461,30.4,491.0,3.2,701.0,71.9,451.0,17.3,611,63.1,250.0,42.056250000000006
612,615.5,675.5,American University of the Middle East,Kuwait,Asia,M,SP,HI,C,23.1,388,21.6,428,19.7,682,3.7,701,100.0,7.0,23.0,501.0,35.1,701.0,5.1,701,3.5,701.0,42.056250000000006
613,615.5,625.5,Asia Pacific University of Technology and Innovation (APU),Malaysia,Asia,S,FO,VH,C,9.3,601,12.5,601,62.2,228,1.6,701,92.0,177.0,100.0,16.0,6.8,701.0,4.0,701,1.6,701.0,42.056250000000006
614,615.5,615.5,Brno University of Technology,Czech Republic,Europe,L,FO,VH,A,13.0,601,29.3,322,25.7,579,7.3,701,14.8,668.0,67.3,221.0,78.8,342.0,12.7,701,3.3,701.0,42.056250000000006
615,615.5,530.0,Christian-Albrechts-University zu Kiel,Germany,Europe,L,FC,VH,A,17.7,511,10.8,601,44.7,346,15.6,625,30.62604242867593,530.4498902706657,8.4,701.0,90.0,167.0,14.3,682,23.5,503.0,42.056250000000006
617,615.5,595.0,Pontifícia Universidade Católica do Rio de Janeiro,Brazil,Americas,M,CO,VH,B,32.4,271,16.2,525,10.8,701,7.5,701,12.6,701.0,1.6,701.0,44.5,701.0,68.0,172,5.4,701.0,42.056250000000006
618,615.5,577.0,Taipei Medical University (TMU),Taiwan,Asia,M,SP,VH,B,10.6,601,12.5,601,90.4,84,18.9,571,16.0,650.0,13.7,648.0,22.9,701.0,8.1,701,8.3,700.0,42.056250000000006
619,615.5,580.0,University of Klagenfurt,Austria,Europe,S,FO,VH,A,5.7,601,3.7,601,51.3,298,11.3,701,96.0,138.0,87.8,134.0,35.6,701.0,9.2,701,1.6,701.0,42.056250000000006
620,615.5,615.5,University of Minho,Portugal,Europe,L,FC,VH,A,15.6,565,7.1,601,26.5,566,21.0,543,15.9,652.0,14.9,624.0,83.7,268.0,8.6,701,52.1,305.0,42.056250000000006
621,625.5,605.5,Abo Akademi University,Finland,Europe,M,CO,VH,A,7.5,601,4.8,601,18.9,701,43.2,319,45.9,390.0,22.6,510.0,64.5,567.0,8.3,701,6.4,701.0,42.056250000000006
622,625.5,605.5,American University in Dubai,United Arab Emirates,Asia,S,FO,HI,C,10.3,601,16.9,506,25.2,590,1.9,701,100.0,81.0,100.0,2.0,4.5,701.0,41.3,310,1.0,701.0,42.056250000000006
623,625.5,615.5,Auezov South Kazakhstan University (SKU),Kazakhstan,Asia,L,CO,MD,A,18.5,488,28.7,333,89.5,86,1.0,701,12.9,701.0,16.2,601.0,4.0,701.0,3.2,701,2.6,701.0,42.056250000000006
624,625.5,605.5,Charles Darwin University ,Australia,Oceania,M,FO,VH,A,5.7,601,4.2,601,4.5,701,44.2,311,25.4,527.0,55.2,270.0,41.3,701.0,3.9,701,63.7,247.0,42.056250000000006
625,625.5,715.5,Istanbul University,Turkey,Asia,XL,FC,HI,A,28.1,314,25.3,377,2.8,701,3.5,701,5.3,701.0,9.9,701.0,68.8,500.0,72.8,146,1.7,701.0,42.056250000000006
626,625.5,556.0,Renmin (People's) University of China,China (Mainland),Asia,L,FO,VH,A,19.5,459,37.3,252,16.3,701,7.9,701,6.6,701.0,4.9,701.0,24.3,701.0,81.2,120,9.7,676.0,42.056250000000006
627,625.5,655.5,Tallinn University of Technology (TalTech),Estonia,Europe,M,FO,VH,A,12.8,601,10.2,601,31.5,502,10.8,701,60.0,325.0,18.3,577.0,83.3,275.0,45.6,279,1.3,701.0,42.056250000000006
628,625.5,538.0,Universidad de Alcalá,Spain,Europe,L,FC,HI,A,9.7,601,5.8,601,60.0,243,5.6,701,10.6,701.0,44.9,326.0,77.1,376.0,7.7,701,59.0,271.0,42.056250000000006
629,625.5,530.0,Universidad de Palermo (UP),Argentina,Americas,S,FO,MD,B,10.2,601,9.8,601,92.8,74,1.0,701,35.6,449.0,91.9,111.0,2.6,701.0,7.8,701,25.072377622377623,529.6944055944056,42.056250000000006
630,625.5,563.0,University of South Florida,United States,Americas,XL,CO,VH,A,12.9,601,9.5,601,8.8,701,36.3,377,19.9,599.0,22.2,516.0,86.7,219.0,6.1,701,15.9,581.0,42.056250000000006
631,625.5,577.0,University of Tromsø The Arctic University of Norway,Norway,Europe,L,FC,VH,A,11.0,601,4.3,601,68.3,190,8.9,701,69.3,286.0,7.0,701.0,78.4,349.0,5.6,701,10.5,655.0,42.056250000000006
632,552.0,615.5,Al Ain University,United Arab Emirates,Asia,S,FO,VH,B,22.6,397,15.7,543,13.4,701,5.9,701,100.0,1.0,100.0,18.0,27.5,701.0,5.9,701,5.2,701.0,22.5
633,635.5,635.5,Ajou University ,South Korea,Asia,M,FC,VH,B,13.7,601,15.0,558,68.9,187,17.9,584,9.3,701.0,24.2,488.0,18.8,701.0,4.2,701,23.7,500.0,42.056250000000006
634,635.5,635.5,Boston College,United States,Americas,L,FO,VH,B,21.3,414,16.2,523,21.2,652,16.6,613,12.5,701.0,18.8,571.0,50.8,701.0,42.2,307,7.1,701.0,42.056250000000006
635,635.5,625.5,Chang Gung University,Taiwan,Asia,M,FO,VH,B,6.3,601,4.3,601,71.6,184,41.9,328,5.1,701.0,4.5,701.0,27.7,701.0,2.0,701,13.2,606.0,42.056250000000006
636,635.5,715.5,China University of Petroleum,China (Mainland),Asia,L,CO,VH,A,3.4,601,1.7,601,8.6,701,79.7,109,1.7,701.0,2.8,701.0,24.1,701.0,21.1,543,1.5,701.0,42.056250000000006
637,635.5,645.5,Far Eastern Federal University,Russia,Europe,L,CO,HI,A,12.8,601,5.5,601,96.7,50,1.7,701,10.8,701.0,63.1,239.0,41.7,701.0,5.1,701,1.1,701.0,42.056250000000006
638,635.5,695.5,Inha University,South Korea,Asia,L,FC,VH,B,12.2,601,14.3,573,77.2,152,10.9,701,9.7,701.0,13.7,647.0,23.9,701.0,13.1,701,41.4,358.0,42.056250000000006
639,635.5,715.5,Savitribai Phule Pune University,India,Asia,M,CO,VH,A,8.9,601,18.3,483,48.8,320,35.3,381,1.4,701.0,2.5,701.0,44.2,701.0,14.4,677,1.8,701.0,42.056250000000006
640,635.5,600.0,Tulane University,United States,Americas,L,FC,HI,B,9.8,601,6.0,601,84.7,106,9.7,701,9.9,701.0,10.8,701.0,75.4,403.0,26.0,454,8.0,701.0,42.056250000000006
641,635.5,605.5,Universidad de Concepción,Chile,Americas,L,FC,HI,B,26.2,341,22.4,418,14.8,701,6.7,701,10.6,701.0,1.7,701.0,61.1,617.0,12.5,701,45.9,336.0,42.056250000000006
642,635.5,502.0,University of Portsmouth,United Kingdom,Europe,L,CO,VH,A,8.1,601,7.3,601,8.6,701,15.1,634,74.0,270.0,85.3,151.0,75.4,399.0,8.9,701,21.1,525.0,42.056250000000006
643,645.5,715.5,Beirut Arab University ,Lebanon,Asia,S,FC,HI,B,17.7,509,14.8,563,19.1,698,3.3,701,88.5,200.0,48.2,301.0,28.0,701.0,38.2,336,1.0,701.0,42.056250000000006
644,645.5,685.5,De La Salle University,Philippines,Asia,L,CO,HI,B,22.6,398,52.4,161,10.0,701,4.5,701,1.9,701.0,2.5,701.0,22.2,701.0,47.4,272,2.7,701.0,42.056250000000006
645,645.5,685.5,East China University of Science and Technology,China (Mainland),Asia,XL,CO,VH,A,6.9,601,3.4,601,11.8,701,69.7,156,2.5,701.0,1.7,701.0,39.6,701.0,10.5,701,2.5,701.0,42.056250000000006
646,645.5,765.5,Hacettepe University ,Turkey,Asia,L,FC,VH,A,22.5,399,29.4,318,10.8,701,7.1,701,4.0,701.0,3.5,701.0,72.1,449.0,22.2,516,34.8,406.0,42.056250000000006
647,645.5,548.0,Lehigh University,United States,Americas,M,CO,VH,B,5.2,601,4.8,601,24.3,603,32.5,404,47.1,380.0,27.8,447.0,44.5,701.0,29.0,429,33.3,418.0,42.056250000000006
648,645.5,615.5,National Central University,Taiwan,Asia,M,CO,VH,A,21.5,409,28.2,338,22.9,624,14.4,647,11.6,701.0,10.0,701.0,30.4,701.0,10.2,701,27.9,462.0,42.056250000000006
649,645.5,505.0,Oregon State University,United States,Americas,L,CO,VH,A,14.6,596,4.2,601,15.6,701,33.9,390,11.7,701.0,8.1,701.0,81.2,306.0,19.3,574,21.1,525.0,42.056250000000006
650,645.5,635.5,Ritsumeikan University,Japan,Asia,XL,CO,HI,B,16.6,539,55.7,148,7.8,701,3.1,701,28.4,505.0,9.6,701.0,30.9,701.0,3.9,701,39.5,371.0,42.056250000000006
651,645.5,685.5,Soochow University,China (Mainland),Asia,XL,CO,VH,A,6.6,601,2.6,601,15.9,701,63.0,183,6.2,701.0,2.5,701.0,47.4,701.0,16.8,618,2.0,701.0,42.056250000000006
653,645.5,765.5,Universiti Tenaga Nasional (UNITEN),Malaysia,Asia,S,SP,VH,C,8.0,601,11.6,601,62.2,227,17.3,593,18.0,626.0,65.0,229.0,32.9,701.0,4.4,701,9.1,686.0,42.056250000000006
654,645.5,586.0,"University of Missouri, Columbia",United States,Americas,L,FC,VH,A,14.3,601,8.0,601,37.8,423,16.5,615,46.7,383.0,3.3,701.0,66.5,529.0,30.5,413,12.3,618.0,42.056250000000006
655,645.5,625.5,University of the Basque Country,Spain,Europe,XL,CO,VH,A,19.5,461,7.3,601,32.8,480,19.0,569,2.4,701.0,3.5,701.0,90.8,159.0,22.8,500,7.3,701.0,42.056250000000006
656,655.5,575.0,HUFS - Hankuk (Korea) University of Foreign Studies ,South Korea,Asia,L,CO,HI,B,11.5,601,21.3,433,81.2,123,1.6,701,32.0,484.0,47.9,302.0,12.6,701.0,1.7,701,8.1,701.0,42.056250000000006
657,655.5,635.5,Palacký University Olomouc,Czech Republic,Europe,L,FO,VH,A,15.2,579,13.9,586,29.9,523,8.5,701,32.7,481.0,17.8,580.0,87.3,210.0,6.8,701,33.0,420.0,42.056250000000006
658,655.5,705.5,Universidade de Santiago de Compostela,Spain,Europe,L,CO,VH,A,24.1,362,10.8,601,12.4,701,17.0,601,2.6,701.0,5.5,701.0,78.0,359.0,11.3,701,36.6,393.0,42.056250000000006
659,655.5,645.5,University of Houston,United States,Americas,XL,CO,VH,A,12.7,601,11.4,601,5.0,701,24.6,502,23.9,550.0,19.8,545.0,71.6,456.0,50.3,254,19.7,537.0,42.056250000000006
660,655.5,755.5,University of Zagreb,Croatia,Europe,XL,FC,VH,A,16.3,547,7.3,601,23.8,612,4.1,701,1.7,701.0,3.3,701.0,91.6,148.0,96.9,36,27.9,462.0,42.056250000000006
661,665.5,665.5,Aberystwyth University,United Kingdom,Europe,M,CO,VH,A,9.4,601,5.9,601,18.5,701,20.3,553,44.6,397.0,46.5,316.0,65.9,541.0,7.1,701,44.9,338.0,42.056250000000006
662,665.5,545.0,City University of New York,United States,Americas,XL,FC,VH,A,19.9,452,35.6,266,8.9,701,4.7,701,6.1,701.0,4.4,701.0,93.1,117.0,22.0,522,13.2,606.0,42.056250000000006
663,665.5,775.5,Comenius University Bratislava,Slovakia,Europe,L,FC,HI,A,12.8,601,8.5,601,56.0,265,3.5,701,3.8,701.0,22.9,505.0,60.2,631.0,79.8,123,5.1,701.0,42.056250000000006
664,665.5,645.5,Free University of Bozen-Bolzano,Italy,Europe,S,FO,VH,A,5.8,601,1.5,601,12.8,701,42.6,323,72.3,276.0,37.4,376.0,49.3,701.0,3.4,701,2.0,701.0,42.056250000000006
665,665.5,715.5,International Islamic University Malaysia (IIUM),Malaysia,Asia,L,FC,HI,A,24.4,358,17.0,504,13.4,701,3.1,701,22.8,561.0,57.1,258.0,62.5,598.0,23.0,497,1.2,701.0,42.056250000000006
666,665.5,755.5,ISCTE - Instituto Universitario de Lisboa,Portugal,Europe,L,FO,VH,A,6.9,601,5.9,601,2.0,701,47.8,281,18.7,618.0,49.6,297.0,49.7,701.0,27.2,441,1.5,701.0,42.056250000000006
667,665.5,645.5,Memorial University of Newfoundland,Canada,Americas,L,FC,VH,A,7.2,601,5.9,601,10.1,701,28.6,454,23.9,548.0,78.4,178.0,74.1,420.0,12.1,701,16.9,563.0,42.056250000000006
668,665.5,665.5,National Chung Hsing University,Taiwan,Asia,L,CO,VH,A,21.1,416,23.0,408,25.3,586,11.5,701,8.8,701.0,8.4,701.0,32.2,701.0,28.4,432,32.1,428.0,42.056250000000006
669,665.5,745.5,"Sofia University ""St. Kliment Ohridski""",Bulgaria,Europe,L,CO,HI,A,14.2,601,18.0,488,45.7,339,2.0,701,3.0,701.0,8.5,701.0,61.0,618.0,81.8,112,8.9,691.0,42.056250000000006
670,665.5,615.5,Tokyo Medical and Dental University (TMDU),Japan,Asia,S,FO,VH,A,11.8,601,6.5,601,100.0,9,17.7,586,2.4,701.0,13.4,653.0,21.9,701.0,2.0,701,1.6,701.0,42.056250000000006
671,665.5,825.5,Universidad de la República (Udelar),Uruguay,Americas,XL,FC,HI,A,27.1,322,13.7,591,14.2,701,1.6,701,7.9,701.0,2.3,701.0,62.4,599.0,87.7,89,2.6,701.0,42.056250000000006
672,665.5,675.5,University of Manitoba,Canada,Americas,L,FC,VH,A,13.6,601,15.9,536,29.6,526,12.0,694,30.62604242867593,530.4498902706657,43.2,334.0,73.1,439.0,32.8,390,16.3,570.0,42.056250000000006
673,665.5,561.0,University of Plymouth,United Kingdom,Europe,L,FC,HI,A,8.9,601,8.9,601,11.6,701,25.9,487,49.8,368.0,36.2,381.0,80.1,320.0,7.3,701,21.5,518.0,42.056250000000006
674,675.5,685.5,Abai Kazakh National Pedagogical University,Kazakhstan,Asia,L,CO,MD,A,26.5,333,22.8,413,53.8,283,1.1,701,37.8,427.0,3.7,701.0,4.1,701.0,12.6,701,1.7,701.0,42.056250000000006
675,675.5,545.0,Bar-Ilan University,Israel,Asia,L,FC,VH,A,7.8,601,6.1,601,7.5,701,48.1,279,46.4,386.0,2.7,701.0,50.1,701.0,22.9,498,4.2,701.0,42.056250000000006
676,675.5,665.5,Karl-Franzens-Universitaet Graz,Austria,Europe,L,FO,VH,A,19.9,448,10.9,601,11.7,701,10.7,701,45.4,394.0,26.1,465.0,63.9,576.0,31.9,397,12.3,618.0,42.056250000000006
677,675.5,645.5,Kazakh National Agrarian University KazNAU,Kazakhstan,Asia,M,SP,LO,A,19.9,449,16.4,517,85.2,104,1.1,701,19.6,608.0,22.6,509.0,6.5,701.0,3.3,701,2.7,701.0,42.056250000000006
678,675.5,615.5,Martin-Luther-Universität Halle-Wittenberg,Germany,Europe,L,FC,VH,A,13.1,601,6.4,601,80.1,136,7.4,701,30.62604242867593,530.4498902706657,8.8,701.0,90.0,168.0,4.8,701,6.2,701.0,42.056250000000006
679,675.5,695.5,Universidade Federal de Minas Gerais      ,Brazil,Americas,XL,FC,VH,A,32.4,272,8.9,601,13.8,701,7.0,701,8.0,701.0,1.5,701.0,64.0,573.0,39.7,324,6.7,701.0,42.056250000000006
680,675.5,655.5,University of Haifa,Israel,Asia,L,FO,VH,A,13.0,601,5.9,601,14.6,701,32.1,409,13.4,699.0,3.6,701.0,67.2,518.0,22.9,499,37.3,390.0,42.056250000000006
681,685.5,785.5,China University of Mining and Technology,China (Mainland),Asia,L,CO,VH,A,3.5,601,1.6,601,14.1,701,68.5,159,30.62604242867593,530.4498902706657,25.733759772565744,531.8550106609808,52.4,701.0,10.1,701,2.8,701.0,42.056250000000006
682,685.5,593.0,"Goldsmiths, University of London",United Kingdom,Europe,M,FO,VH,A,13.1,601,5.1,601,12.8,701,12.0,691,92.0,176.0,91.5,115.0,25.1,701.0,14.4,679,3.1,701.0,42.056250000000006
683,685.5,695.5,Indian Institute of Technology Hyderabad,India,Asia,S,CO,VH,A,6.2,601,4.4,601,18.2,701,71.1,152,1.2,701.0,1.5,701.0,13.7,701.0,2.0,701,4.3,701.0,42.056250000000006
684,685.5,725.5,Jeonbuk National University,South Korea,Asia,L,FO,VH,A,15.6,564,11.1,601,61.3,234,10.6,701,7.8,701.0,6.8,701.0,35.3,701.0,2.8,701,48.5,326.0,42.056250000000006
686,685.5,665.5,Princess Nourah bint Abdulrahman University,Saudi Arabia,Asia,L,CO,VH,A,16.6,543,14.8,565,18.9,701,2.5,701,94.5,155.0,38.4,364.0,64.0,574.0,2.3,701,3.1,701.0,42.056250000000006
687,685.5,725.5,Temple University,United States,Americas,L,FC,VH,A,12.3,601,7.1,601,29.2,531,16.9,603,3.0,701.0,5.7,701.0,77.2,375.0,23.2,490,61.9,258.0,42.056250000000006
688,685.5,745.5,"University of Agriculture, Faisalabad ",Pakistan,Asia,XL,CO,VH,A,6.3,601,11.6,601,1.6,701,61.0,196,2.5,701.0,1.1,701.0,66.7,527.0,2.4,701,1.7,701.0,42.056250000000006
689,685.5,715.5,University of New Brunswick,Canada,Americas,M,CO,VH,A,4.9,601,8.3,601,19.9,677,27.5,470,61.0,320.0,34.1,397.0,48.7,701.0,17.3,613,29.0,453.0,42.056250000000006
690,695.5,775.5,Chandigarh University,India,Asia,XL,FC,HI,B,14.1,601,51.3,172,24.0,610,1.4,701,37.6,429.0,15.3,618.0,37.4,701.0,1.9,701,1.6,701.0,42.056250000000006
692,695.5,645.5,Pakistan Institute of Engineering and Applied Sciences (PIEAS),Pakistan,Asia,S,SP,HI,A,6.5,601,9.6,601,66.1,198,41.0,340,30.62604242867593,530.4498902706657,1.0,701.0,14.7,701.0,3.5,701,1.0,701.0,42.056250000000006
693,695.5,685.5,Shiraz University,"Iran, Islamic Republic of",Asia,L,CO,VH,A,6.9,601,5.4,601,4.6,701,60.7,198,1.2,701.0,2.2,701.0,54.3,701.0,14.1,688,7.9,701.0,42.056250000000006
694,695.5,635.5,Universidad Central de Venezuela,Venezuela,Americas,L,FC,MD,A,21.0,417,40.6,232,27.1,559,1.1,701,2.6,701.0,1.4,701.0,21.5,701.0,51.4,248,1.0,701.0,42.056250000000006
695,695.5,645.5,Universidad de La Habana,Cuba,Americas,L,CO,HI,A,17.0,532,10.6,601,72.8,180,1.5,701,1.8,701.0,3.7,701.0,17.8,701.0,76.5,134,1.0,701.0,42.056250000000006
696,695.5,665.5,Universidad Panamericana (UP),Mexico,Americas,L,FO,HI,B,9.9,601,20.0,451,75.4,164,1.2,701,17.4,637.0,2.5,701.0,20.1,701.0,68.7,169,2.0,701.0,42.056250000000006
697,695.5,735.5,Universidade Federal de São Paulo,Brazil,Americas,L,FC,VH,A,10.5,601,5.1,601,95.6,57,6.0,701,4.7,701.0,1.5,701.0,54.0,701.0,2.9,701,30.1,443.0,42.056250000000006
698,695.5,695.5,Universidade Federal do Rio Grande Do Sul ,Brazil,Americas,XL,FC,VH,A,28.0,316,5.3,601,12.8,701,10.1,701,2.2,701.0,1.6,701.0,80.1,319.0,25.9,455,31.3,435.0,42.056250000000006
699,695.5,795.5,University of Brescia,Italy,Europe,M,FO,VH,A,4.4,601,2.2,601,7.4,701,56.3,223,2.6,701.0,6.3,701.0,55.5,688.0,3.3,701,44.9,338.0,42.056250000000006
700,695.5,675.5,University of Greenwich,United Kingdom,Europe,L,CO,HI,A,4.7,601,4.1,601,4.1,701,11.7,700,91.5,183.0,100.0,30.0,78.2,357.0,14.9,666,5.4,701.0,42.056250000000006
701,695.5,735.5,University of Siena,Italy,Europe,M,FC,VH,A,13.6,601,3.5,601,9.7,701,40.4,349,2.9,701.0,10.8,701.0,61.0,621.0,9.3,701,27.9,462.0,42.056250000000006
702,705.5,725.5,Beijing University of Chemical Technology,China (Mainland),Asia,L,CO,VH,A,4.5,601,1.8,601,19.0,701,67.1,164,2.5,701.0,1.7,701.0,37.2,701.0,2.4,701,1.3,701.0,42.056250000000006
703,705.5,675.5,Dongguk University ,South Korea,Asia,L,FC,HI,B,7.9,601,10.5,601,83.6,116,9.7,701,9.0,701.0,23.8,496.0,36.5,701.0,4.8,701,20.8,527.0,42.056250000000006
704,705.5,665.5,Lebanese American University,Lebanon,Asia,M,FC,HI,B,13.5,601,20.3,448,29.1,532,3.7,701,73.3,273.0,19.6,551.0,36.5,701.0,19.9,565,19.5,544.0,42.056250000000006
705,705.5,785.5,National Institute of Technology Tiruchirappalli,India,Asia,M,FO,VH,A,4.1,601,2.8,601,9.1,701,71.0,153,30.62604242867593,530.4498902706657,1.8,701.0,34.5,701.0,3.0,701,5.2,701.0,42.056250000000006
706,705.5,625.5,Stevens Institute of Technology,United States,Americas,M,CO,VH,B,2.6,601,4.0,601,5.2,701,41.7,331,53.2,350.0,96.4,86.0,18.0,701.0,7.8,701,1.3,701.0,42.056250000000006
707,705.5,685.5,Taras Shevchenko National University of Kyiv,Ukraine,Europe,L,CO,VH,A,18.9,478,36.6,257,27.0,562,2.2,701,1.5,701.0,3.9,701.0,40.3,701.0,45.5,280,1.6,701.0,42.056250000000006
708,705.5,551.0,University of Nebraska - Lincoln,United States,Americas,L,CO,VH,A,10.6,601,5.8,601,16.9,701,30.4,434,21.5,575.0,7.1,701.0,73.1,437.0,7.2,701,33.0,420.0,42.056250000000006
709,705.5,645.5,University of Oklahoma,United States,Americas,L,FC,VH,A,10.2,601,9.8,601,15.6,701,31.1,424,21.8,571.0,5.7,701.0,69.3,493.0,22.3,514,17.7,557.0,42.056250000000006
710,715.5,755.5,Ahlia University,Bahrain,Asia,S,SP,HI,B,16.7,536,8.4,601,31.7,497,3.8,701,100.0,47.0,42.7,339.0,9.3,701.0,12.7,701,2.5,701.0,42.056250000000006
711,715.5,795.5,American University,United States,Americas,M,CO,VH,B,16.2,550,29.3,321,32.9,479,4.3,701,8.0,701.0,19.4,554.0,30.6,701.0,40.5,315,4.8,701.0,42.056250000000006
712,715.5,655.5,COMSATS University Islamabad,Pakistan,Asia,XL,CO,VH,A,11.7,601,30.5,308,13.4,701,18.2,580,1.5,701.0,1.4,701.0,88.3,192.0,6.1,701,14.6,597.0,42.056250000000006
713,715.5,705.5,Czech University of Life Sciences in Prague,Czech Republic,Europe,L,FO,VH,A,10.4,601,6.7,601,9.4,701,10.8,701,29.0,502.0,73.5,197.0,75.8,392.0,3.9,701,49.5,322.0,42.056250000000006
714,715.5,825.5,De Montfort University,United Kingdom,Europe,L,FO,VH,A,5.3,601,4.8,601,5.6,701,8.0,701,74.2,267.0,97.5,76.0,62.8,591.0,6.4,701,41.4,358.0,42.056250000000006
715,715.5,645.5,"Lingnan University, Hong Kong",Hong Kong SAR,Asia,M,FO,VH,A,9.9,601,6.5,601,13.9,701,11.0,701,100.0,35.0,98.9,60.0,15.6,701.0,3.7,701,3.8,701.0,42.056250000000006
716,715.5,785.5,Nanjing Agricultural University,China (Mainland),Asia,L,CO,VH,A,5.0,601,1.9,601,7.5,701,67.6,162,30.62604242867593,530.4498902706657,1.5,701.0,48.2,701.0,1.4,701,2.2,701.0,42.056250000000006
717,715.5,795.5,Plekhanov Russian University of Economics,Russia,Europe,L,FO,VH,A,14.0,601,19.1,468,49.8,311,2.3,701,3.0,701.0,16.2,602.0,51.9,701.0,38.5,333,11.6,629.0,42.056250000000006
718,715.5,635.5,Saint Joseph University of Beirut (USJ) ,Lebanon,Asia,M,FC,HI,B,8.2,601,16.4,518,50.7,305,2.4,701,91.3,184.0,25.8,467.0,13.1,701.0,33.4,382,1.4,701.0,42.056250000000006
719,715.5,685.5,The National University of Science and Technology MISIS,Russia,Europe,M,SP,VH,A,6.2,601,9.0,601,74.2,172,13.8,657,7.9,701.0,43.1,335.0,44.7,701.0,9.2,701,2.2,701.0,42.056250000000006
720,715.5,725.5,Ton Duc Thang University,Vietnam,Asia,L,FO,VH,A,5.0,601,6.4,601,5.2,701,51.7,252,9.9,701.0,1.4,701.0,90.7,162.0,4.7,701,3.8,701.0,42.056250000000006
721,715.5,1300.5,Université de Franche-Comté,France,Europe,S,CO,VH,A,6.5,601,2.1,601,100.0,2,12.4,681,30.62604242867593,530.4498902706657,25.733759772565744,531.8550106609808,76.7,384.0,3.2,701,1.7,701.0,42.056250000000006
722,715.5,755.5,University of Mumbai,India,Asia,M,FC,VH,A,9.1,601,28.8,327,2.8,701,30.9,428,2.0,701.0,2.0,701.0,18.3,701.0,81.4,119,1.7,701.0,42.056250000000006
723,725.5,665.5,Brandeis University,United States,Americas,M,CO,VH,B,9.4,601,4.8,601,53.1,288,11.6,701,18.0,627.0,75.1,186.0,32.3,701.0,16.5,624,1.1,701.0,42.056250000000006
724,725.5,745.5,Budapest University of Technology and Economics,Hungary,Europe,L,FO,VH,A,15.6,562,25.7,369,13.7,701,8.5,701,2.8,701.0,14.8,630.0,56.6,669.0,33.2,384,26.0,482.0,42.056250000000006
725,725.5,795.5,Diponegoro University,Indonesia,Asia,XL,FC,HI,A,19.2,467,41.7,227,19.3,690,1.5,701,27.9,508.0,3.0,701.0,27.4,701.0,14.6,673,9.7,676.0,42.056250000000006
726,725.5,605.5,Drexel University,United States,Americas,L,FC,VH,B,8.1,601,4.5,601,22.4,628,28.7,451,12.6,701.0,23.8,495.0,73.4,432.0,25.1,464,8.3,700.0,42.056250000000006
728,725.5,745.5,Jadavpur University,India,Asia,M,FO,VH,A,17.8,508,5.9,601,9.1,701,40.6,346,30.62604242867593,530.4498902706657,1.0,701.0,32.5,701.0,14.9,667,13.4,605.0,42.056250000000006
729,725.5,825.5,Konkuk University ,South Korea,Asia,L,FC,VH,B,7.0,601,8.1,601,61.8,231,17.1,600,9.5,701.0,17.7,582.0,46.8,701.0,9.0,701,28.4,456.0,42.056250000000006
730,725.5,795.5,Lanzhou University,China (Mainland),Asia,XL,CO,VH,A,8.1,601,2.5,601,25.2,589,45.2,306,2.3,701.0,1.5,701.0,64.0,575.0,4.4,701,7.6,701.0,42.056250000000006
731,725.5,665.5,Middlesex University,United Kingdom,Europe,L,CO,HI,A,5.3,601,5.3,601,8.1,701,10.6,701,84.4,222.0,99.5,45.0,58.3,653.0,15.2,651,4.3,701.0,42.056250000000006
732,725.5,755.5,Riga Technical University,Latvia,Europe,M,CO,VH,A,11.5,601,26.8,358,22.0,638,3.0,701,15.7,657.0,72.0,203.0,29.9,701.0,35.0,362,6.8,701.0,42.056250000000006
733,725.5,635.5,Université de Lille,France,Europe,XL,FO,VH,A,23.5,374,5.5,601,4.8,701,14.7,643,14.6,670.0,15.8,610.0,93.3,110.0,4.5,701,10.9,648.0,42.056250000000006
734,725.5,715.5,Université de Rennes 1 (University of Rennes),France,Europe,L,FO,VH,A,14.9,586,5.2,601,11.6,701,28.3,462,11.9,701.0,11.0,700.0,88.1,195.0,6.8,701,6.9,701.0,42.056250000000006
735,725.5,645.5,University of Modena and Reggio Emilia,Italy,Europe,L,FC,VH,A,8.6,601,4.0,601,2.9,701,49.7,266,4.0,701.0,3.6,701.0,53.3,701.0,15.2,653,23.2,505.0,42.056250000000006
736,725.5,695.5,University of Trieste,Italy,Europe,L,FC,HI,A,11.7,601,4.0,601,3.6,701,43.3,318,7.3,701.0,7.9,701.0,70.4,480.0,14.6,674,2.6,701.0,42.056250000000006
737,735.5,665.5,Universitat Rovira i Virgili,Spain,Europe,L,FC,HI,A,6.4,601,2.3,601,15.2,701,37.9,366,7.2,701.0,19.0,565.0,77.5,368.0,1.8,701,31.6,432.0,42.056250000000006
738,735.5,725.5,Université Côte d\'Azur,France,Europe,XL,FC,VH,A,15.5,567,4.1,601,5.7,701,18.3,577,29.3,498.0,38.3,367.0,78.4,352.0,8.9,701,18.4,549.0,42.056250000000006
739,735.5,725.5,University of Belgrade,Serbia,Europe,XL,FC,VH,A,17.6,514,8.4,601,4.6,701,5.3,701,2.8,701.0,4.0,701.0,95.2,73.0,96.4,40,3.7,701.0,42.056250000000006
740,745.5,705.5,Altai State University,Russia,Europe,M,FO,VH,A,11.7,601,3.3,601,87.5,97,1.4,701,6.3,701.0,60.0,246.0,18.8,701.0,1.9,701,10.1,661.0,42.056250000000006
741,745.5,675.5,Carleton University,Canada,Americas,L,CO,VH,A,11.1,601,13.5,599,3.8,701,15.6,627,13.2,701.0,43.7,329.0,67.3,517.0,34.3,367,26.3,478.0,42.056250000000006
742,745.5,582.0,Universidad Católica Andres Bello,Venezuela,Americas,M,FO,MD,B,28.4,311,50.8,174,4.3,701,1.0,701,3.5,701.0,2.7,701.0,50.777993079584775,532.9903114186851,18.9,583,25.072377622377623,529.6944055944056,42.056250000000006
743,745.5,655.5,Universidad de Montevideo (UM),Uruguay,Americas,S,FC,MD,B,18.6,485,16.1,531,79.7,141,1.1,701,21.5,576.0,3.1,701.0,3.0,701.0,6.5,701,25.072377622377623,529.6944055944056,42.056250000000006
744,745.5,745.5,Universität Regensburg,Germany,Europe,L,FO,VH,A,10.3,601,6.0,601,80.0,138,6.1,701,30.62604242867593,530.4498902706657,8.5,701.0,69.1,496.0,15.3,650,2.0,701.0,42.056250000000006
745,745.5,785.5,Universiti Malaysia Pahang,Malaysia,Asia,M,SP,VH,A,10.8,601,5.3,601,15.8,701,35.0,383,22.1,567.0,8.6,701.0,54.7,701.0,4.0,701,17.7,557.0,42.056250000000006
746,745.5,593.0,University of Central Florida,United States,Americas,XL,FC,VH,A,13.7,601,23.0,410,2.9,701,23.6,514,9.5,701.0,4.3,701.0,72.2,448.0,9.2,701,12.1,621.0,42.056250000000006
747,745.5,745.5,University of the West of England,United Kingdom,Europe,XL,CO,HI,A,9.0,601,9.0,601,7.5,701,11.9,695,46.9,381.0,75.3,185.0,76.1,387.0,2.1,701,14.3,602.0,42.056250000000006
748,745.5,715.5,University of Westminster,United Kingdom,Europe,L,CO,HI,A,11.5,601,6.8,601,5.7,701,5.1,701,77.4,249.0,100.0,33.0,35.4,701.0,21.7,526,1.7,701.0,42.056250000000006
749,745.5,695.5,V. N. Karazin Kharkiv National University,Ukraine,Europe,L,FC,HI,A,12.6,601,16.9,507,64.6,207,1.4,701,3.3,701.0,55.7,269.0,29.4,701.0,4.0,701,4.9,701.0,42.056250000000006
750,745.5,715.5,Victoria University ,Australia,Oceania,L,CO,HI,A,6.9,601,6.1,601,2.4,701,34.1,389,32.7,480.0,41.5,345.0,44.9,701.0,6.4,701,34.8,406.0,42.056250000000006
751,745.5,825.5,Vytautas Magnus University,Lithuania,Europe,M,FO,VH,A,10.4,601,16.8,512,41.8,371,2.4,701,26.7,520.0,47.8,304.0,48.1,701.0,21.6,529,6.7,701.0,42.056250000000006
752,745.5,705.5,Wake Forest University,United States,Americas,M,FC,VH,B,5.1,601,6.3,601,100.0,10,8.6,701,3.2,701.0,10.9,701.0,42.8,701.0,15.4,648,1.7,701.0,42.056250000000006
753,755.5,655.5,Instituto Tecnológico Autónomo de México (ITAM),Mexico,Americas,S,SP,LO,B,15.2,578,31.0,302,13.9,701,1.6,701,51.0,363.0,1.4,701.0,7.7,701.0,77.1,133,1.0,701.0,42.056250000000006
754,755.5,825.5,Kaunas University of Technology,Lithuania,Europe,M,FO,VH,A,11.2,601,18.5,477,31.1,507,7.9,701,3.5,701.0,28.6,439.0,64.2,569.0,23.2,491,16.1,577.0,42.056250000000006
755,755.5,755.5,Technische Universität Braunschweig,Germany,Europe,L,CO,VH,A,10.9,601,14.3,572,55.5,270,5.5,701,30.62604242867593,530.4498902706657,24.2,486.0,66.4,532.0,12.6,701,7.3,701.0,42.056250000000006
756,755.5,665.5,Tokyo University of Science,Japan,Asia,L,FO,VH,B,10.4,601,51.5,171,9.4,701,10.0,701,12.5,701.0,3.7,701.0,20.3,701.0,41.0,313,2.4,701.0,42.056250000000006
757,755.5,825.5,Universidade de Brasília,Brazil,Americas,XL,FC,VH,A,25.3,348,7.9,601,7.1,701,4.2,701,10.8,701.0,1.5,701.0,67.5,514.0,29.6,420,35.1,403.0,42.056250000000006
758,755.5,725.5,Universita' Politecnica delle Marche,Italy,Europe,M,FO,VH,A,5.9,601,2.8,601,10.1,701,48.4,275,4.9,701.0,6.3,701.0,77.7,366.0,1.9,701,6.4,701.0,42.056250000000006
759,755.5,825.5,University of Calcutta,India,Asia,L,CO,VH,A,17.1,529,6.5,601,5.5,701,21.4,539,24.7,541.0,1.1,701.0,56.0,677.0,49.8,256,1.5,701.0,42.056250000000006
760,755.5,795.5,University of Engineering & Technology (UET) Lahore,Pakistan,Asia,L,SP,VH,A,10.0,601,43.2,212,18.0,701,6.7,701,1.1,701.0,1.8,701.0,41.6,701.0,47.7,269,7.5,701.0,42.056250000000006
761,755.5,875.5,University of Malta,Malta,Europe,M,FC,HI,A,6.1,601,4.6,601,31.7,498,7.2,701,18.0,624.0,19.2,562.0,75.9,391.0,95.9,45,1.9,701.0,42.056250000000006
762,755.5,875.5,University of Messina (UniME),Italy,Europe,L,FC,VH,A,8.4,601,2.3,601,14.2,701,36.7,372,1.3,701.0,6.0,701.0,75.6,394.0,1.6,701,36.6,393.0,42.056250000000006
763,765.5,735.5,"Adam Mickiewicz University, Poznan",Poland,Europe,L,CO,VH,A,16.0,553,9.1,601,33.3,473,4.8,701,7.7,701.0,8.3,701.0,86.7,218.0,7.5,701,31.6,432.0,42.056250000000006
764,765.5,825.5,Bangladesh University of Engineering and Technology,Bangladesh,Asia,M,SP,VH,A,16.9,534,36.6,256,13.6,701,14.9,640,30.62604242867593,530.4498902706657,1.0,701.0,25.1,701.0,22.2,518,1.2,701.0,42.056250000000006
765,765.5,875.5,King Faisal University,Saudi Arabia,Asia,L,FC,HI,A,16.4,545,12.7,601,14.5,701,2.7,701,98.0,121.0,3.9,701.0,59.3,640.0,8.7,701,1.5,701.0,42.056250000000006
766,765.5,825.5,Nanjing University of Aeronautics and Astronautics,China (Mainland),Asia,XL,FO,VH,A,5.5,601,3.4,601,12.4,701,57.8,213,5.3,701.0,3.0,701.0,39.7,701.0,1.4,701,1.6,701.0,42.056250000000006
767,765.5,695.5,University of Cincinnati,United States,Americas,XL,FC,VH,A,11.0,601,6.0,601,19.4,687,22.9,521,4.3,701.0,12.4,670.0,69.0,499.0,25.3,462,22.5,510.0,42.056250000000006
768,765.5,725.5,"University of Colorado, Denver ",United States,Americas,L,FC,HI,A,8.2,601,6.1,601,100.0,5,3.6,701,3.4,701.0,8.1,701.0,45.7,701.0,5.6,701,3.8,701.0,42.056250000000006
769,765.5,795.5,University of Patras,Greece,Europe,L,FC,VH,A,11.7,601,17.1,502,2.7,701,27.0,475,1.4,701.0,4.8,701.0,60.6,626.0,3.7,701,44.9,338.0,42.056250000000006
771,775.5,735.5,Bournemouth University,United Kingdom,Europe,L,CO,HI,A,5.8,601,6.4,601,6.1,701,16.4,617,80.3,237.0,47.1,312.0,72.6,445.0,4.8,701,5.3,701.0,42.056250000000006
772,775.5,705.5,Chiba University,Japan,Asia,L,FC,VH,A,16.6,542,8.5,601,66.1,197,8.8,701,7.5,701.0,4.3,701.0,28.9,701.0,3.8,701,8.7,695.0,42.056250000000006
773,775.5,825.5,China University of Geosciences,China (Mainland),Asia,L,FO,VH,A,5.1,601,1.4,601,53.6,284,31.8,415,1.5,701.0,2.7,701.0,67.0,523.0,1.4,701,4.0,701.0,42.056250000000006
774,775.5,685.5,Colegio de México,Mexico,Americas,S,SP,VH,A,14.9,584,2.5,601,100.0,1,1.7,701,8.5,701.0,16.4,596.0,9.6,701.0,3.2,701,1.0,701.0,42.056250000000006
775,775.5,665.5,Holy Spirit University of Kaslik ,Lebanon,Asia,M,FO,HI,B,6.7,601,6.4,601,62.3,226,2.1,701,98.9,108.0,37.8,372.0,6.5,701.0,5.7,701,1.1,701.0,42.056250000000006
776,775.5,715.5,Universidad del Rosario,Colombia,Americas,M,FC,HI,B,15.8,558,28.5,335,24.2,607,2.5,701,7.2,701.0,2.7,701.0,31.8,701.0,41.1,312,24.5,492.0,42.056250000000006
777,775.5,975.5,Université de Tunis El Manar,Tunisia,Africa,L,FC,VH,A,9.4,601,4.3,601,26.0,573,5.1,701,39.5,421.0,7.8,701.0,82.1,288.0,54.1,230,16.3,570.0,42.056250000000006
778,775.5,715.5,"University of Maryland, Baltimore County",United States,Americas,L,FC,HI,A,10.2,601,6.8,601,14.1,701,13.5,659,49.8,367.0,25.8,469.0,45.0,701.0,4.5,701,57.7,276.0,42.056250000000006
779,775.5,825.5,University of Pecs,Hungary,Europe,L,FC,HI,A,14.3,601,11.9,601,41.4,377,2.8,701,9.3,701.0,64.3,233.0,40.3,701.0,4.0,701,11.3,636.0,42.056250000000006
780,775.5,825.5,Verona University,Italy,Europe,L,FO,VH,A,9.1,601,2.7,601,4.1,701,41.6,333,4.5,701.0,4.2,701.0,71.0,468.0,3.1,701,22.5,510.0,42.056250000000006
781,785.5,825.5,Babes-Bolyai University,Romania,Europe,XL,CO,VH,A,15.5,569,19.5,463,5.3,701,4.4,701,7.8,701.0,3.8,701.0,80.1,321.0,26.7,445,42.7,354.0,42.056250000000006
782,785.5,755.5,Kasetsart University,Thailand,Asia,XL,CO,VH,A,25.2,350,18.6,475,6.5,701,2.5,701,4.3,701.0,1.3,701.0,51.9,701.0,18.5,593,33.9,415.0,42.056250000000006
784,785.5,925.5,Qassim University,Saudi Arabia,Asia,XL,FC,HI,A,10.6,601,5.0,601,33.9,465,1.8,701,98.3,117.0,7.9,701.0,68.3,511.0,2.4,701,9.3,683.0,42.056250000000006
785,785.5,825.5,Texas Tech University,United States,Americas,XL,FC,HI,A,10.9,601,10.6,601,6.2,701,11.3,701,36.6,436.0,9.6,701.0,70.5,478.0,13.7,701,55.4,285.0,42.056250000000006
786,785.5,645.5,The New School,United States,Americas,M,FO,VH,B,15.2,580,8.2,601,41.1,381,2.6,701,5.7,701.0,92.3,106.0,19.6,701.0,13.5,701,1.0,701.0,42.056250000000006
787,785.5,765.5,Universidad de Belgrano,Argentina,Americas,M,CO,LO,B,9.4,601,12.7,601,86.6,100,1.0,701,5.4,701.0,24.1,490.0,2.5,701.0,37.4,343,25.072377622377623,529.6944055944056,42.056250000000006
788,785.5,825.5,Universidade Federal de Santa Catarina ,Brazil,Americas,XL,FC,VH,A,19.3,465,4.8,601,19.2,693,8.5,701,4.1,701.0,2.2,701.0,62.1,604.0,17.3,614,52.1,305.0,42.056250000000006
789,785.5,825.5,University of Latvia,Latvia,Europe,L,FC,HI,A,11.5,601,16.7,515,5.9,701,5.3,701,12.1,701.0,5.1,701.0,71.5,460.0,90.4,75,9.8,672.0,42.056250000000006
790,785.5,695.5,University of Mons ,Belgium,Europe,M,CO,VH,A,7.1,601,7.0,601,3.4,701,37.3,369,35.0,458.0,33.7,400.0,43.7,701.0,6.1,701,1.6,701.0,42.056250000000006
792,795.5,735.5,Alfaisal University,Saudi Arabia,Asia,S,FO,VH,B,4.8,601,3.0,601,21.6,644,10.6,701,100.0,30.0,89.0,128.0,19.1,701.0,4.4,701,1.1,701.0,42.056250000000006
793,795.5,825.5,Ivane Javakhishvili Tbilisi State University,Georgia,Asia,L,FO,HI,A,10.4,601,1.2,601,73.9,173,1.2,701,1.9,701.0,3.2,701.0,22.7,701.0,88.4,86,1.0,701.0,42.056250000000006
794,795.5,785.5,Keele University ,United Kingdom,Europe,M,FC,VH,A,6.0,601,4.4,601,14.4,701,26.2,484,51.6,359.0,30.7,423.0,62.9,586.0,6.9,701,3.1,701.0,42.056250000000006
795,795.5,645.5,New Jersey Institute of Technology (NJIT),United States,Americas,M,FO,VH,A,4.8,601,6.7,601,10.2,701,30.4,433,31.5,487.0,52.9,278.0,29.1,701.0,5.1,701,26.5,476.0,42.056250000000006
796,795.5,775.5,Sechenov University,Russia,Europe,L,SP,VH,A,5.3,601,5.0,601,57.4,256,4.3,701,9.0,701.0,63.0,241.0,83.6,272.0,1.9,701,1.0,701.0,42.056250000000006
797,795.5,705.5,Universidad de Antioquia,Colombia,Americas,XL,FC,HI,A,29.1,303,20.8,440,4.1,701,4.3,701,3.7,701.0,1.2,701.0,48.1,701.0,20.4,556,2.9,701.0,42.056250000000006
798,795.5,685.5,University of Kentucky,United States,Americas,L,FC,VH,A,11.1,601,9.8,601,15.3,701,23.5,516,12.9,701.0,3.3,701.0,75.4,400.0,13.9,695,10.1,661.0,42.056250000000006
799,795.5,635.5,University of New Mexico,United States,Americas,L,FC,VH,A,10.5,601,8.0,601,43.5,360,14.9,637,8.2,701.0,4.0,701.0,73.1,436.0,7.3,701,11.0,644.0,42.056250000000006
800,795.5,875.5,Vellore Institute of Technology (VIT),India,Asia,XL,CO,VH,B,12.7,601,16.1,527,7.3,701,18.9,570,8.9,701.0,2.9,701.0,76.9,379.0,6.1,701,29.6,447.0,42.056250000000006
801,795.5,755.5,Wayne State University,United States,Americas,L,FC,VH,A,7.6,601,3.4,601,62.1,229,10.6,701,13.3,700.0,5.4,701.0,73.6,425.0,19.4,572,3.1,701.0,42.056250000000006
802,825.5,825.5,Al-Ahliyya Amman University,Jordan,Asia,M,FO,VH,B,9.6,601,10.1,601,9.4,701,2.7,701,75.5,260.0,100.0,28.0,16.9,701.0,4.6,701,1.5,701.0,42.056250000000006
803,825.5,925.5,Alexandria University ,Egypt,Africa,XL,FC,VH,A,23.1,385,18.3,482,4.5,701,2.0,701,1.7,701.0,4.8,701.0,76.4,386.0,24.3,467,6.9,701.0,42.056250000000006
804,825.5,925.5,Ankara Üniversitesi,Turkey,Asia,XL,FC,HI,A,20.2,439,16.8,511,7.8,701,2.6,701,2.3,701.0,4.6,701.0,70.6,477.0,53.5,234,2.9,701.0,42.056250000000006
805,825.5,925.5,Asia University Taiwan,Taiwan,Asia,M,FO,VH,C,5.9,601,1.8,601,3.6,701,52.5,247,9.9,701.0,3.2,701.0,57.1,661.0,2.0,701,1.7,701.0,42.056250000000006
806,825.5,825.5,Beijing University of Technology,China (Mainland),Asia,L,CO,VH,A,7.7,601,4.9,601,38.2,417,33.1,399,4.7,701.0,1.8,701.0,31.9,701.0,4.2,701,1.6,701.0,42.056250000000006
807,825.5,825.5,Belarusian National Technical University (BNTU),Belarus,Europe,L,SP,MD,A,14.8,588,26.7,359,51.0,302,1.0,701,2.1,701.0,34.1,398.0,5.1,701.0,5.6,701,25.072377622377623,529.6944055944056,42.056250000000006
808,825.5,975.5,"Birla Institute of Technology and Science, Pilani",India,Asia,L,CO,VH,B,11.0,601,19.7,459,8.0,701,20.4,552,2.2,701.0,2.5,701.0,37.6,701.0,25.4,461,30.4,442.0,42.056250000000006
809,825.5,825.5,Edinburgh Napier University,United Kingdom,Europe,L,CO,HI,A,5.0,601,5.0,601,4.0,701,11.8,698,77.5,248.0,86.0,146.0,60.1,633.0,4.9,701,2.2,701.0,42.056250000000006
810,825.5,875.5,Gdansk University of Technology,Poland,Europe,L,FO,VH,A,9.4,601,15.2,553,29.6,527,12.7,676,5.3,701.0,4.0,701.0,65.8,546.0,3.2,701,33.3,418.0,42.056250000000006
811,825.5,875.5,Huazhong Agricultural University,China (Mainland),Asia,XL,CO,VH,A,4.2,601,2.1,601,6.0,701,59.7,204,3.7,701.0,1.6,701.0,31.6,701.0,3.0,701,2.9,701.0,42.056250000000006
812,825.5,825.5,Immanuel Kant Baltic Federal University,Russia,Europe,M,CO,VH,A,7.6,601,2.5,601,79.4,142,1.8,701,21.8,572.0,40.2,353.0,35.2,701.0,1.9,701,1.2,701.0,42.056250000000006
813,825.5,745.5,Instituto Politécnico Nacional (IPN),Mexico,Americas,XL,FO,VH,A,19.1,471,28.8,328,9.1,701,2.0,701,2.2,701.0,1.1,701.0,46.0,701.0,6.8,701,35.7,398.0,42.056250000000006
814,825.5,825.5,Jouf University,Saudi Arabia,Asia,L,FC,HI,A,11.7,601,5.1,601,37.1,433,2.3,701,100.0,32.0,2.6,701.0,43.5,701.0,2.4,701,1.0,701.0,42.056250000000006
815,825.5,785.5,Khoja Akhmet Yassawi International Kazakh-Turkish University,Kazakhstan,Asia,M,FC,MD,A,16.7,537,27.9,343,44.6,347,1.2,701,7.1,701.0,16.3,599.0,3.2,701.0,7.7,701,1.5,701.0,42.056250000000006
816,825.5,875.5,Kuwait University,Kuwait,Asia,L,FC,HI,A,14.7,593,7.9,601,6.8,701,2.9,701,20.4,591.0,19.4,558.0,39.3,701.0,93.8,58,17.1,562.0,42.056250000000006
817,825.5,755.5,Liverpool John Moores University,United Kingdom,Europe,L,CO,VH,A,10.0,601,6.8,601,8.0,701,12.3,683,46.7,384.0,22.4,513.0,87.7,201.0,5.4,701,13.6,604.0,42.056250000000006
818,825.5,875.5,London South Bank University,United Kingdom,Europe,L,CO,HI,A,3.3,601,2.9,601,9.1,701,4.4,701,87.1,211.0,96.8,81.0,47.6,701.0,8.5,701,15.4,585.0,42.056250000000006
819,825.5,825.5,Maynooth University,Ireland,Europe,M,FO,VH,A,10.4,601,7.7,601,9.2,701,12.7,673,87.4,207.0,16.7,591.0,48.5,701.0,9.2,701,6.4,701.0,42.056250000000006
820,825.5,735.5,"National Technical University of Ukraine ""Igor Sikorsky Kyiv Polytechnic Institute""",Ukraine,Europe,L,CO,VH,A,16.2,549,31.8,297,37.4,429,1.5,701,1.0,701.0,2.0,701.0,20.4,701.0,21.3,539,4.3,701.0,42.056250000000006
821,825.5,925.5,Ocean University of China,China (Mainland),Asia,L,FC,VH,A,5.4,601,2.7,601,9.4,701,50.5,258,3.2,701.0,1.9,701.0,51.1,701.0,3.0,701,4.0,701.0,42.056250000000006
822,825.5,765.5,Philipps-Universität Marburg ,Germany,Europe,L,FC,HI,A,12.7,601,8.8,601,5.2,701,25.0,498,14.9,666.0,20.7,529.0,61.6,607.0,4.8,701,5.1,701.0,42.056250000000006
823,825.5,685.5,Pontificia Universidad Católica de Valparaíso,Chile,Americas,L,CO,VH,B,27.0,325,24.4,395,4.7,701,6.6,701,11.3,701.0,1.6,701.0,39.9,701.0,8.7,701,1.6,701.0,42.056250000000006
824,825.5,775.5,Rutgers University–Newark,United States,Americas,M,CO,VH,A,10.1,601,4.9,601,17.5,701,17.6,587,25.3,529.0,32.7,408.0,27.9,701.0,36.9,346,29.3,451.0,42.056250000000006
825,825.5,785.5,Syracuse University,United States,Americas,L,CO,VH,B,12.9,601,8.7,601,11.6,701,10.6,701,5.8,701.0,39.3,357.0,55.5,684.0,42.7,301,11.6,629.0,42.056250000000006
826,825.5,785.5,The Catholic University of Korea ,South Korea,Asia,M,FC,VH,B,4.5,601,2.9,601,98.6,42,14.1,652,3.8,701.0,22.5,511.0,10.5,701.0,1.9,701,6.5,701.0,42.056250000000006
827,825.5,875.5,Toronto Metropolitan University,Canada,Americas,XL,CO,VH,A,8.0,601,12.0,601,1.8,701,26.4,481,35.4,453.0,8.1,701.0,57.0,662.0,15.1,660,3.8,701.0,42.056250000000006
828,825.5,875.5,TU Dortmund University,Germany,Europe,L,CO,VH,A,14.1,601,16.0,532,28.1,548,6.2,701,22.4,564.0,17.1,584.0,61.1,616.0,6.8,701,3.7,701.0,42.056250000000006
829,825.5,775.5,Universidad Anáhuac México,Mexico,Americas,L,CO,MD,B,13.1,601,20.4,446,50.0,308,1.1,701,5.3,701.0,3.0,701.0,5.8,701.0,61.8,194,1.0,701.0,42.056250000000006
830,825.5,695.5,Universidad Iberoamericana IBERO,Mexico,Americas,M,FC,MD,B,18.5,487,24.3,398,32.3,488,1.3,701,5.4,701.0,2.2,701.0,5.2,701.0,63.6,185,1.1,701.0,42.056250000000006
831,825.5,825.5,Universidad San Francisco de Quito (USFQ),Ecuador,Americas,M,FC,HI,B,16.0,554,8.6,601,40.1,390,2.4,701,53.1,352.0,1.9,701.0,24.9,701.0,13.2,701,21.5,518.0,42.056250000000006
832,825.5,665.5,Università degli Studi di Perugia,Italy,Europe,L,FC,VH,A,9.1,601,2.3,601,3.5,701,40.9,341,6.4,701.0,5.4,701.0,65.9,542.0,1.7,701,11.5,632.0,42.056250000000006
833,825.5,825.5,Universitas Brawijaya ,Indonesia,Asia,XL,FC,HI,A,19.2,469,42.4,219,11.5,701,1.4,701,13.7,692.0,1.4,701.0,19.6,701.0,13.1,701,9.0,690.0,42.056250000000006
834,825.5,775.5,Universität Duisburg-Essen,Germany,Europe,XL,FC,VH,A,11.3,601,4.2,601,13.2,701,11.2,701,35.0,457.0,39.4,355.0,81.4,298.0,12.2,701,5.9,701.0,42.056250000000006
835,825.5,765.5,Universität Rostock,Germany,Europe,L,FC,HI,A,7.3,601,2.9,601,84.4,110,5.2,701,30.62604242867593,530.4498902706657,13.2,657.0,68.8,501.0,4.4,701,3.4,701.0,42.056250000000006
836,825.5,725.5,Université de Lorraine,France,Europe,XL,FO,VH,A,13.6,601,3.3,601,7.0,701,12.9,668,27.6,512.0,27.4,453.0,95.9,59.0,14.8,669,11.8,623.0,42.056250000000006
837,825.5,825.5,Universiti Tunku Abdul Rahman (UTAR),Malaysia,Asia,L,FC,HI,B,14.0,601,30.9,304,12.4,701,5.8,701,12.7,701.0,4.9,701.0,45.5,701.0,3.8,701,26.5,476.0,42.056250000000006
838,825.5,785.5,University of Alaska Fairbanks,United States,Americas,S,CO,VH,A,2.7,601,2.0,601,98.8,41,12.9,670,4.8,701.0,3.0,701.0,42.6,701.0,4.2,701,2.5,701.0,42.056250000000006
839,825.5,825.5,University of Alicante,Spain,Europe,L,FC,VH,A,13.5,601,6.7,601,25.3,588,7.7,701,7.3,701.0,12.8,662.0,71.7,454.0,7.6,701,31.3,435.0,42.056250000000006
840,825.5,975.5,University of Baghdad,Iraq,Asia,XL,FC,VH,A,11.0,601,16.9,509,24.6,598,1.5,701,2.4,701.0,1.1,701.0,63.5,580.0,72.7,148,3.1,701.0,42.056250000000006
841,825.5,745.5,University of Bari,Italy,Europe,L,FO,VH,A,12.4,601,3.0,601,4.6,701,25.0,497,4.9,701.0,2.0,701.0,81.6,292.0,7.7,701,25.7,483.0,42.056250000000006
842,825.5,775.5,University of Brighton,United Kingdom,Europe,L,FO,VH,A,7.9,601,6.1,601,8.5,701,14.9,639,54.8,340.0,51.1,288.0,72.5,446.0,6.1,701,6.5,701.0,42.056250000000006
843,825.5,875.5,University of Bucharest,Romania,Europe,XL,FO,VH,A,15.2,577,19.5,462,7.1,701,4.2,701,2.6,701.0,2.0,701.0,69.1,498.0,53.4,235,25.7,483.0,42.056250000000006
844,825.5,825.5,University of Hyderabad,India,Asia,M,FC,VH,A,13.2,601,3.0,601,14.5,701,41.5,335,1.9,701.0,2.0,701.0,27.0,701.0,3.1,701,1.2,701.0,42.056250000000006
845,825.5,725.5,University of Oregon,United States,Americas,L,CO,VH,A,18.3,496,9.4,601,9.4,701,18.5,573,7.6,701.0,3.6,701.0,53.4,701.0,23.3,485,16.1,577.0,42.056250000000006
846,825.5,925.5,University of Petroleum and Energy Studies (UPES),India,Asia,M,FO,VH,C,21.8,405,6.1,601,39.5,391,3.4,701,18.2,622.0,1.2,701.0,56.9,666.0,1.9,701,1.0,701.0,42.056250000000006
847,825.5,825.5,University of Salerno,Italy,Europe,L,FC,VH,A,8.6,601,2.4,601,5.6,701,37.1,370,3.3,701.0,1.6,701.0,87.4,205.0,4.0,701,19.2,545.0,42.056250000000006
849,825.5,755.5,University of Ulsan ,South Korea,Asia,M,FC,VH,B,5.0,601,2.3,601,60.0,241,33.6,392,2.0,701.0,2.4,701.0,28.8,701.0,3.8,701,5.6,701.0,42.056250000000006
850,825.5,875.5,Wuhan University of Technology,China (Mainland),Asia,XL,FO,VH,A,6.9,601,2.5,601,11.5,701,47.0,290,30.62604242867593,530.4498902706657,2.5,701.0,51.0,701.0,5.8,701,1.5,701.0,42.056250000000006
851,875.5,925.5,AGH University of Science and Technology,Poland,Europe,L,CO,VH,A,9.6,601,13.9,587,41.5,376,6.5,701,2.9,701.0,5.3,701.0,75.6,395.0,3.2,701,1.7,701.0,42.056250000000006
852,875.5,1100.5,Al-Quds University,"Palestinian Territory, Occupied",Asia,M,FC,MD,A,5.8,601,14.6,568,12.7,701,1.7,701,61.5,318.0,66.8,222.0,30.6,701.0,23.5,482,3.0,701.0,42.056250000000006
854,875.5,825.5,Charles Sturt University ,Australia,Oceania,L,CO,VH,A,5.1,601,5.4,601,8.2,701,8.1,701,45.4,395.0,47.9,303.0,53.4,701.0,7.4,701,41.7,357.0,42.056250000000006
855,875.5,875.5,Chonnam National University,South Korea,Asia,L,FC,VH,A,9.3,601,4.7,601,45.4,341,12.4,682,9.0,701.0,7.3,701.0,28.5,701.0,4.7,701,44.3,348.0,42.056250000000006
856,875.5,875.5,Chungnam National University,South Korea,Asia,L,FC,VH,A,8.8,601,7.8,601,46.3,334,10.7,701,7.2,701.0,9.2,701.0,32.7,701.0,5.0,701,25.7,483.0,42.056250000000006
857,875.5,795.5,Clarkson University,United States,Americas,S,CO,VH,B,1.3,601,1.9,601,13.5,701,41.8,329,48.5,374.0,15.0,623.0,30.6,701.0,7.9,701,1.2,701.0,42.056250000000006
858,875.5,875.5,CY Cergy Paris University,France,Europe,M,FO,VH,A,3.7,601,2.5,601,49.5,317,5.0,701,47.2,378.0,45.9,320.0,46.0,701.0,1.5,701,1.4,701.0,42.056250000000006
859,875.5,925.5,Donghua University,China (Mainland),Asia,L,FO,VH,A,3.8,601,1.6,601,25.5,582,47.3,286,2.2,701.0,3.1,701.0,31.1,701.0,3.7,701,1.1,701.0,42.056250000000006
860,875.5,875.5,Georgia State University,United States,Americas,L,CO,VH,A,11.3,601,14.2,580,4.3,701,22.4,526,4.8,701.0,10.4,701.0,62.3,600.0,18.2,599,7.2,701.0,42.056250000000006
861,875.5,875.5,Gulf University for Science and Technology,Kuwait,Asia,S,FO,HI,C,14.6,597,9.3,601,11.2,701,4.8,701,100.0,18.0,27.7,448.0,9.3,701.0,11.0,701,1.1,701.0,42.056250000000006
862,875.5,975.5,Jamia Millia Islamia,India,Asia,M,CO,VH,A,9.3,601,3.1,601,33.6,470,26.0,486,3.2,701.0,5.2,701.0,43.0,701.0,1.9,701,1.6,701.0,42.056250000000006
863,875.5,875.5,Kansas State University ,United States,Americas,L,CO,VH,A,8.2,601,6.7,601,10.3,701,22.1,531,10.1,701.0,4.6,701.0,74.9,411.0,13.5,701,10.2,660.0,42.056250000000006
864,875.5,825.5,Karaganda State Technical University,Kazakhstan,Asia,M,FO,HI,A,9.7,601,7.7,601,84.6,109,1.1,701,10.0,701.0,18.8,572.0,2.4,701.0,5.8,701,1.2,701.0,42.056250000000006
866,875.5,925.5,Mendel University in Brno,Czech Republic,Europe,M,FO,VH,A,6.2,601,6.5,601,55.1,276,4.1,701,11.2,701.0,32.1,413.0,59.1,643.0,3.8,701,1.2,701.0,42.056250000000006
867,875.5,825.5,Nagasaki University,Japan,Asia,M,FO,VH,A,6.9,601,2.3,601,81.0,127,6.3,701,5.8,701.0,4.7,701.0,49.2,701.0,3.0,701,2.1,701.0,42.056250000000006
868,875.5,975.5,Northwest Agriculture and Forestry University,China (Mainland),Asia,XL,CO,VH,A,4.5,601,1.4,601,28.5,544,36.8,371,30.62604242867593,530.4498902706657,1.4,701.0,58.8,645.0,3.0,701,1.6,701.0,42.056250000000006
869,875.5,825.5,North-West University,South Africa,Africa,XL,CO,VH,A,7.4,601,11.0,601,4.9,701,14.9,638,6.6,701.0,2.0,701.0,92.9,122.0,16.7,619,28.4,456.0,42.056250000000006
870,875.5,925.5,Okayama University,Japan,Asia,L,FC,VH,A,8.9,601,3.7,601,61.3,233,7.7,701,6.1,701.0,6.3,701.0,52.5,701.0,2.9,701,14.5,600.0,42.056250000000006
871,875.5,875.5,Oklahoma State University ,United States,Americas,L,FC,HI,A,8.3,601,8.1,601,9.2,701,13.3,663,49.9,366.0,6.1,701.0,66.8,526.0,17.3,610,9.4,680.0,42.056250000000006
872,875.5,875.5,Pavol Jozef Šafárik University in Košice,Slovakia,Europe,M,FC,HI,A,4.7,601,5.1,601,59.7,244,3.0,701,5.1,701.0,65.3,228.0,41.7,701.0,4.6,701,1.0,701.0,42.056250000000006
873,875.5,825.5,Poznan University of Life Sciences,Poland,Europe,M,FO,VH,A,5.6,601,2.2,601,94.3,67,6.4,701,1.9,701.0,7.9,701.0,31.0,701.0,3.3,701,1.1,701.0,42.056250000000006
874,875.5,975.5,Shahid Beheshti University (SBU),"Iran, Islamic Republic of",Asia,L,FO,VH,A,7.9,601,7.3,601,4.1,701,33.3,397,1.6,701.0,1.6,701.0,64.7,563.0,19.0,582,1.5,701.0,42.056250000000006
875,875.5,745.5,Swarthmore College,United States,Americas,S,CO,HI,B,3.4,601,2.4,601,88.8,91,11.7,699,8.7,701.0,21.6,520.0,12.3,701.0,15.2,652,1.0,701.0,42.056250000000006
876,875.5,875.5,Technological University Dublin,Ireland,Europe,L,CO,HI,A,12.6,601,13.1,601,12.3,701,3.1,701,31.8,485.0,38.8,362.0,43.9,701.0,16.2,631,28.2,461.0,42.056250000000006
877,875.5,975.5,Thapar Institute of Engineering & Technology,India,Asia,M,FO,VH,A,4.7,601,4.4,601,8.8,701,46.1,300,5.2,701.0,1.8,701.0,31.1,701.0,3.1,701,11.8,623.0,42.056250000000006
878,875.5,825.5,Tokyo University of Agriculture and Technology ,Japan,Asia,M,SP,VH,A,13.8,601,7.4,601,12.9,701,30.5,430,5.4,701.0,7.1,701.0,40.4,701.0,1.9,701,1.3,701.0,42.056250000000006
880,875.5,775.5,Universidad ORT Uruguay,Uruguay,Americas,S,FO,HI,B,11.2,601,12.4,601,79.0,145,1.1,701,15.8,655.0,1.9,701.0,3.4,701.0,5.7,701,1.0,701.0,42.056250000000006
881,875.5,875.5,Universita' degli Studi di Ferrara,Italy,Europe,L,FC,HI,A,6.7,601,2.6,601,2.6,701,34.6,386,2.9,701.0,3.6,701.0,70.0,487.0,4.1,701,27.3,468.0,42.056250000000006
882,875.5,775.5,Université de Nantes,France,Europe,XL,CO,VH,A,10.4,601,3.4,601,7.8,701,21.4,540,19.8,601.0,15.1,619.0,87.3,211.0,2.8,701,7.5,701.0,42.056250000000006
883,875.5,825.5,Université de Sherbrooke,Canada,Americas,L,FC,HI,A,6.8,601,4.2,601,18.8,701,16.9,604,54.7,341.0,7.6,701.0,43.0,701.0,23.4,483,8.0,701.0,42.056250000000006
884,875.5,755.5,Université du Québec,Canada,Americas,XL,FC,HI,A,15.3,574,7.6,601,1.8,701,10.9,701,32.9,479.0,11.0,699.0,62.6,593.0,21.6,530,9.9,667.0,42.056250000000006
885,875.5,775.5,University at Albany SUNY,United States,Americas,L,CO,VH,A,8.1,601,4.5,601,5.4,701,33.9,391,3.9,701.0,7.2,701.0,66.0,540.0,4.2,701,13.2,606.0,42.056250000000006
886,875.5,825.5,University Duesseldorf,Germany,Europe,XL,FC,VH,A,12.3,601,8.5,601,44.3,350,7.2,701,30.62604242867593,530.4498902706657,14.1,639.0,66.2,536.0,3.8,701,2.2,701.0,42.056250000000006
887,875.5,825.5,University of Dubai,United Arab Emirates,Asia,S,SP,LO,B,5.2,601,4.2,601,10.6,701,11.0,701,100.0,1.0,72.0,204.0,8.2,701.0,10.2,701,1.0,701.0,42.056250000000006
888,875.5,975.5,UNIVERSITY OF GDANSK,Poland,Europe,L,CO,VH,A,12.0,601,6.2,601,34.9,454,3.9,701,4.8,701.0,2.4,701.0,70.6,476.0,14.1,687,25.7,483.0,42.056250000000006
889,875.5,975.5,University of Ghana,Ghana,Africa,XL,FC,HI,A,11.5,601,7.6,601,1.9,701,5.3,701,4.5,701.0,1.7,701.0,72.8,443.0,95.4,51,7.6,701.0,42.056250000000006
890,875.5,875.5,University of Hertfordshire,United Kingdom,Europe,L,CO,HI,A,4.4,601,3.7,601,5.9,701,5.2,701,62.0,316.0,100.0,34.0,58.8,647.0,10.1,701,2.1,701.0,42.056250000000006
891,875.5,875.5,University of Lincoln,United Kingdom,Europe,L,CO,HI,A,5.9,601,4.7,601,7.9,701,9.9,701,74.0,271.0,47.2,311.0,58.5,650.0,4.8,701,10.1,661.0,42.056250000000006
892,875.5,1100.5,University of Mississippi,United States,Americas,L,CO,VH,A,4.2,601,2.0,601,83.0,118,5.5,701,6.1,701.0,2.9,701.0,58.0,655.0,3.6,701,1.7,701.0,42.056250000000006
893,875.5,875.5,University of Palermo,Italy,Europe,L,CO,VH,A,11.1,601,2.3,601,4.4,701,32.2,408,2.4,701.0,1.9,701.0,81.6,293.0,4.5,701,5.7,701.0,42.056250000000006
894,875.5,825.5,University of Santo Tomas,Philippines,Asia,XL,FC,MD,B,12.8,601,39.9,237,12.5,701,1.3,701,34.9,459.0,5.8,701.0,18.1,701.0,14.1,690,2.4,701.0,42.056250000000006
895,875.5,875.5,University of South Africa,South Africa,Africa,XL,CO,VH,A,10.6,601,7.2,601,1.1,701,7.3,701,30.62604242867593,530.4498902706657,7.3,701.0,91.0,156.0,92.8,65,3.1,701.0,42.056250000000006
896,875.5,925.5,University of Wroclaw,Poland,Europe,L,CO,VH,A,14.9,587,12.6,601,32.1,492,3.9,701,5.0,701.0,8.4,701.0,54.3,701.0,12.0,701,9.3,683.0,42.056250000000006
897,875.5,975.5,"Vietnam National University, Hanoi ",Vietnam,Asia,XL,CO,HI,A,15.3,575,18.7,472,7.6,701,2.4,701,5.5,701.0,1.2,701.0,61.0,620.0,60.1,202,6.4,701.0,42.056250000000006
898,875.5,825.5,Vilnius Gediminas Technical University,Lithuania,Europe,M,SP,VH,A,8.7,601,13.8,589,37.7,424,7.8,701,14.7,669.0,32.9,406.0,41.4,701.0,6.9,701,2.0,701.0,42.056250000000006
899,875.5,765.5,Virginia Commonwealth University,United States,Americas,L,FC,VH,A,7.1,601,8.5,601,38.8,405,12.8,672,9.7,701.0,3.2,701.0,73.5,428.0,8.2,701,8.5,696.0,42.056250000000006
900,875.5,975.5,Yildiz Technical University,Turkey,Asia,L,CO,VH,A,9.7,601,24.7,386,4.2,701,12.2,684,9.1,701.0,18.5,574.0,38.9,701.0,19.9,566,35.1,403.0,42.056250000000006
901,925.5,825.5,Australian Catholic University,Australia,Oceania,L,CO,HI,A,8.2,601,8.9,601,5.1,701,12.1,688,71.0,279.0,41.7,340.0,33.9,701.0,1.7,701,2.7,701.0,42.056250000000006
902,925.5,925.5,Beijing Jiaotong University,China (Mainland),Asia,L,CO,VH,A,9.7,601,5.4,601,15.2,701,31.8,414,4.7,701.0,9.6,701.0,29.1,701.0,9.6,701,1.2,701.0,42.056250000000006
903,925.5,875.5,Beijing University of Posts and Telecommunications,China (Mainland),Asia,L,FO,VH,A,3.2,601,2.6,601,10.2,701,49.3,271,4.7,701.0,1.7,701.0,18.7,701.0,13.5,701,1.4,701.0,42.056250000000006
904,925.5,875.5,Catania University,Italy,Europe,L,FC,VH,A,11.6,601,3.0,601,5.4,701,23.4,517,3.5,701.0,4.5,701.0,71.3,465.0,5.7,701,3.6,701.0,42.056250000000006
905,925.5,1100.5,Future University in Egypt,Egypt,Africa,M,FO,VH,B,4.8,601,34.7,272,34.9,453,2.0,701,11.7,701.0,21.7,519.0,40.0,701.0,2.9,701,1.1,701.0,42.056250000000006
906,925.5,1100.5,Gazi Üniversitesi,Turkey,Asia,XL,FC,HI,A,18.6,483,15.3,551,6.0,701,4.4,701,1.0,701.0,3.3,701.0,56.0,679.0,18.2,597,20.1,530.0,42.056250000000006
907,925.5,1401.0,Georgian Technical University,Georgia,Asia,L,FO,MD,A,7.1,601,6.6,601,1.0,701,46.9,291,30.62604242867593,530.4498902706657,25.733759772565744,531.8550106609808,5.4,701.0,25.9,457,1.0,701.0,42.056250000000006
908,925.5,1100.5,German Jordanian University,Jordan,Asia,S,FO,VH,A,8.6,601,15.1,554,21.4,645,5.6,701,65.3,301.0,16.3,600.0,17.8,701.0,8.5,701,1.5,701.0,42.056250000000006
909,925.5,1100.5,Imam Mohammad Ibn Saud Islamic University – IMSIU,Saudi Arabia,Asia,XL,FC,MD,A,14.8,589,7.6,601,17.4,701,1.5,701,46.2,389.0,4.2,701.0,41.9,701.0,26.5,447,1.0,701.0,42.056250000000006
910,925.5,875.5,Kanazawa University,Japan,Asia,M,FC,VH,A,10.5,601,3.9,601,55.1,275,12.2,686,8.1,701.0,5.8,701.0,31.9,701.0,1.8,701,1.6,701.0,42.056250000000006
911,925.5,875.5,Karaganda Buketov University,Kazakhstan,Asia,L,FO,HI,B,15.6,563,24.5,391,41.3,379,1.1,701,13.1,701.0,5.2,701.0,7.5,701.0,7.8,701,1.0,701.0,42.056250000000006
912,925.5,875.5,Kyrgyz-Turkish Manas University,Kyrgyzstan,Asia,S,CO,HI,A,15.1,583,10.9,601,10.7,701,1.7,701,90.5,189.0,19.7,549.0,7.1,701.0,5.7,701,1.0,701.0,42.056250000000006
913,925.5,825.5,Louisiana State University,United States,Americas,XL,CO,VH,A,9.5,601,6.7,601,7.8,701,12.9,669,8.6,701.0,3.8,701.0,52.3,701.0,18.8,589,52.8,301.0,42.056250000000006
914,925.5,975.5,Makerere University,Uganda,Africa,XL,FC,HI,A,11.0,601,4.2,601,3.4,701,4.5,701,9.6,701.0,7.5,701.0,64.8,560.0,98.3,25,3.5,701.0,42.056250000000006
915,925.5,975.5,"Manipal Academy of Higher Education, Manipal, Karnataka, India",India,Asia,L,FO,VH,B,10.9,601,8.2,601,42.9,365,4.4,701,1.8,701.0,7.7,701.0,61.2,614.0,6.2,701,16.5,567.0,42.056250000000006
916,925.5,875.5,Michigan Technological University,United States,Americas,M,CO,VH,A,4.8,601,3.7,601,27.1,557,28.6,452,11.4,701.0,11.1,697.0,52.1,701.0,3.1,701,1.9,701.0,42.056250000000006
917,925.5,875.5,National Research Saratov State University,Russia,Europe,M,CO,VH,A,5.0,601,2.7,601,96.7,51,1.7,701,3.0,701.0,16.6,593.0,19.1,701.0,1.8,701,1.0,701.0,42.056250000000006
918,925.5,925.5,Nicolaus Copernicus University ,Poland,Europe,L,FC,HI,A,7.6,601,2.6,601,53.2,287,4.9,701,3.1,701.0,5.3,701.0,81.3,302.0,3.1,701,1.7,701.0,42.056250000000006
919,925.5,875.5,North South University,Bangladesh,Asia,L,FO,HI,B,13.3,601,48.1,190,6.1,701,2.7,701,7.9,701.0,1.1,701.0,24.5,701.0,6.6,701,1.5,701.0,42.056250000000006
921,925.5,925.5,Princess Sumaya University for Technology,Jordan,Asia,S,FO,VH,B,9.1,601,25.3,375,11.9,701,5.1,701,47.3,377.0,50.0,294.0,6.0,701.0,5.1,701,1.2,701.0,42.056250000000006
922,925.5,825.5,Ritsumeikan Asia Pacific University,Japan,Asia,M,SP,LO,C,6.1,601,8.3,601,2.6,701,2.5,701,99.9,85.0,99.4,50.0,3.7,701.0,1.9,701,1.0,701.0,42.056250000000006
923,925.5,925.5,Robert Gordon University,United Kingdom,Europe,M,CO,HI,A,3.7,601,11.5,601,5.6,701,5.3,701,62.6,312.0,74.1,191.0,35.8,701.0,5.6,701,5.8,701.0,42.056250000000006
924,925.5,975.5,South Ural State University (National Research University),Russia,Europe,L,CO,VH,A,8.4,601,4.7,601,44.1,353,3.6,701,4.5,701.0,13.4,655.0,84.1,261.0,4.2,701,1.6,701.0,42.056250000000006
925,925.5,875.5,Universidad Católica del Uruguay (UCU),Uruguay,Americas,S,CO,MD,B,12.5,601,12.8,601,64.4,209,1.2,701,9.5,701.0,2.8,701.0,6.4,701.0,15.1,658,1.0,701.0,42.056250000000006
926,925.5,875.5,"Universidad Central ""Marta Abreu"" de Las Villas",Cuba,Americas,M,CO,HI,A,5.3,601,1.4,601,99.7,31,1.2,701,1.1,701.0,1.2,701.0,17.4,701.0,21.8,523,1.0,701.0,42.056250000000006
927,925.5,735.5,Universidad EAFIT,Colombia,Americas,L,CO,HI,B,12.9,601,42.8,215,4.9,701,2.3,701,3.1,701.0,1.4,701.0,11.3,701.0,44.4,289,4.8,701.0,42.056250000000006
928,925.5,755.5,Universidad Externado de Colombia ,Colombia,Americas,L,FO,MD,B,13.0,601,28.9,326,36.4,439,1.1,701,10.5,701.0,1.5,701.0,4.3,701.0,26.4,449,1.0,701.0,42.056250000000006
929,925.5,975.5,Universidad Nacional de Córdoba - UNC,Argentina,Americas,XL,FC,HI,A,26.4,337,14.0,583,6.2,701,1.6,701,1.4,701.0,1.5,701.0,44.4,701.0,10.1,701,1.7,701.0,42.056250000000006
930,925.5,925.5,Universidad Nacional Mayor de San Marcos,Peru,Americas,XL,FC,MD,A,20.6,426,22.9,411,7.9,701,1.3,701,30.62604242867593,530.4498902706657,25.733759772565744,531.8550106609808,33.2,701.0,38.6,329,1.1,701.0,42.056250000000006
931,925.5,825.5,Universidad Pontificia Bolivariana ,Colombia,Americas,M,FO,VH,B,8.4,601,8.8,601,74.7,169,1.7,701,3.8,701.0,2.3,701.0,10.0,701.0,22.0,521,1.6,701.0,42.056250000000006
932,925.5,925.5,Universidade Católica Portuguesa - UCP,Portugal,Europe,M,FO,VH,B,13.0,601,13.6,596,11.9,701,6.1,701,9.3,701.0,30.2,428.0,27.8,701.0,43.2,296,5.8,701.0,42.056250000000006
933,925.5,925.5,Universidade de Vigo,Spain,Europe,L,CO,VH,A,8.9,601,5.3,601,9.4,701,18.0,583,2.1,701.0,4.8,701.0,79.9,325.0,3.8,701,39.8,369.0,42.056250000000006
934,925.5,1100.5,Università degli Studi della Tuscia (University of Tuscia),Italy,Europe,M,CO,VH,A,4.6,601,1.2,601,5.6,701,43.6,315,13.7,689.0,10.4,701.0,32.4,701.0,2.0,701,2.2,701.0,42.056250000000006
935,925.5,925.5,Università degli studi Roma Tre,Italy,Europe,XL,CO,VH,A,17.4,517,8.0,601,2.2,701,12.1,689,8.5,701.0,4.2,701.0,62.5,595.0,7.1,701,19.7,537.0,42.056250000000006
936,925.5,925.5,"University of Alabama, Birmingham",United States,Americas,L,FC,VH,A,5.8,601,4.2,601,56.0,263,16.8,607,30.62604242867593,530.4498902706657,25.733759772565744,531.8550106609808,54.5,701.0,1.7,701,2.0,701.0,42.056250000000006
937,925.5,975.5,University of Calabria,Italy,Europe,M,CO,VH,A,6.8,601,2.3,601,5.5,701,22.6,525,8.3,701.0,6.2,701.0,81.4,299.0,1.7,701,29.6,447.0,42.056250000000006
938,925.5,875.5,University of East London,United Kingdom,Europe,L,CO,HI,A,3.6,601,3.6,601,3.1,701,6.2,701,73.1,274.0,100.0,32.0,33.3,701.0,7.6,701,1.1,701.0,42.056250000000006
940,925.5,975.5,University of Lodz,Poland,Europe,L,CO,VH,A,11.5,601,4.1,601,39.5,393,3.4,701,4.0,701.0,11.3,692.0,70.9,470.0,16.3,628,1.9,701.0,42.056250000000006
941,925.5,875.5,University of Maribor,Slovenia,Europe,L,FC,HI,A,8.0,601,6.6,601,29.2,530,6.8,701,1.8,701.0,13.0,658.0,61.0,622.0,33.4,380,9.1,686.0,42.056250000000006
942,925.5,925.5,University of Murcia,Spain,Europe,L,FC,VH,A,11.7,601,2.9,601,24.5,599,6.8,701,1.7,701.0,3.9,701.0,79.8,326.0,3.7,701,44.9,338.0,42.056250000000006
943,925.5,1100.5,University of Nairobi,Kenya,Africa,XL,FC,MD,A,10.0,601,11.7,601,20.1,671,1.8,701,30.62604242867593,530.4498902706657,25.733759772565744,531.8550106609808,50.1,701.0,92.5,67,1.8,701.0,42.056250000000006
944,925.5,975.5,University of Peshawar,Pakistan,Asia,M,FO,VH,A,6.9,601,9.9,601,34.3,462,21.4,541,30.62604242867593,530.4498902706657,1.9,701.0,42.9,701.0,15.3,649,1.1,701.0,42.056250000000006
945,925.5,875.5,University of Salford,United Kingdom,Europe,L,CO,HI,A,6.8,601,3.9,601,6.4,701,6.9,701,36.7,435.0,69.8,212.0,63.6,579.0,9.6,701,5.8,701.0,42.056250000000006
946,925.5,875.5,University Paris 2 Panthéon-Assas,France,Europe,L,SP,VH,A,7.1,601,3.5,601,62.1,230,1.2,701,11.8,701.0,26.1,464.0,4.3,701.0,53.1,238,1.0,701.0,42.056250000000006
947,925.5,975.5,Viet Nam National University Ho Chi Minh City (VNU-HCM),Vietnam,Asia,XL,CO,VH,A,18.8,481,24.6,389,5.7,701,2.1,701,4.2,701.0,1.1,701.0,45.7,701.0,24.9,466,4.6,701.0,42.056250000000006
948,925.5,875.5,Worcester Polytechnic Institute,United States,Americas,M,CO,VH,B,3.5,601,5.2,601,17.4,701,26.2,483,42.0,410.0,23.5,499.0,25.6,701.0,8.3,701,1.9,701.0,42.056250000000006
949,925.5,925.5,Wroclaw University of Science and Technology (WRUST),Poland,Europe,L,SP,VH,A,11.7,601,18.9,470,33.7,467,5.3,701,3.4,701.0,5.0,701.0,55.5,683.0,3.2,701,1.3,701.0,42.056250000000006
950,925.5,1100.5,Yerevan State University,Armenia,Asia,M,CO,HI,A,7.0,601,2.9,601,51.4,295,1.3,701,5.1,701.0,1.7,701.0,20.0,701.0,87.4,92,1.0,701.0,42.056250000000006
951,925.5,825.5,Yokohama City University,Japan,Asia,M,FO,VH,A,3.4,601,2.4,601,96.2,54,10.3,701,5.4,701.0,2.4,701.0,10.5,701.0,3.1,701,1.0,701.0,42.056250000000006
952,975.5,825.5,Almaty Technological University,Kazakhstan,Asia,M,FO,HI,A,6.2,601,4.2,601,88.1,93,1.0,701,25.0,536.0,4.8,701.0,2.9,701.0,3.3,701,1.1,701.0,42.056250000000006
953,975.5,925.5,Athens University of Economics and Business,Greece,Europe,M,SP,HI,A,7.6,601,29.3,323,1.7,701,20.0,556,1.6,701.0,3.1,701.0,14.0,701.0,20.9,547,2.4,701.0,42.056250000000006
954,975.5,825.5,Auburn University,United States,Americas,L,CO,VH,A,7.1,601,7.7,601,7.6,701,17.2,597,27.6,510.0,6.0,701.0,54.7,701.0,16.4,627,10.9,648.0,42.056250000000006
955,975.5,1100.5,Baku State University,Azerbaijan,Asia,L,CO,HI,A,12.9,601,5.5,601,41.7,373,1.4,701,5.3,701.0,2.2,701.0,16.7,701.0,47.7,271,1.3,701.0,42.056250000000006
956,975.5,1100.5,Bina Nusantara University (BINUS),Indonesia,Asia,L,CO,VH,C,12.5,601,21.8,426,19.9,678,2.1,701,34.7,463.0,4.3,701.0,10.7,701.0,12.9,701,4.1,701.0,42.056250000000006
957,975.5,825.5,Clark University,United States,Americas,S,CO,VH,B,2.6,601,2.5,601,18.9,701,16.7,608,13.2,701.0,84.7,154.0,20.2,701.0,13.6,701,6.5,701.0,42.056250000000006
958,975.5,875.5,Clemson University,United States,Americas,L,CO,VH,A,7.3,601,7.0,601,12.6,701,15.2,633,11.6,701.0,5.2,701.0,78.5,346.0,7.7,701,12.3,618.0,42.056250000000006
959,975.5,925.5,D. Serikbayev East Kazakhstan state technical university,Kazakhstan,Asia,M,CO,MD,A,13.0,601,7.7,601,64.2,211,1.2,701,14.4,674.0,2.5,701.0,2.4,701.0,3.5,701,1.3,701.0,42.056250000000006
960,975.5,1100.5,Ferdowsi University of Mashhad,"Iran, Islamic Republic of",Asia,L,CO,VH,A,7.0,601,6.0,601,3.5,701,28.2,463,1.3,701.0,7.1,701.0,71.7,455.0,5.2,701,1.7,701.0,42.056250000000006
961,975.5,1100.5,Financial University under the Government of the Russian Federation,Russia,Europe,L,FO,VH,A,5.3,601,9.9,601,39.3,397,1.6,701,4.7,701.0,19.4,557.0,32.4,701.0,47.7,270,5.1,701.0,42.056250000000006
962,975.5,925.5,Hallym University ,South Korea,Asia,M,FC,VH,B,2.8,601,1.8,601,94.4,65,6.9,701,3.8,701.0,2.2,701.0,5.7,701.0,1.7,701,1.1,701.0,42.056250000000006
963,975.5,735.5,Indian Institute of Technology Bhubaneswar,India,Asia,S,FO,VH,A,4.3,601,3.5,601,10.0,701,50.2,260,1.5,701.0,1.0,701.0,6.8,701.0,2.1,701,1.9,701.0,42.056250000000006
964,975.5,795.5,Instituto Tecnológico de Buenos Aires (ITBA),Argentina,Americas,S,FO,HI,B,8.8,601,24.6,387,39.0,401,1.3,701,17.3,638.0,12.3,674.0,2.7,701.0,22.3,515,25.072377622377623,529.6944055944056,42.056250000000006
965,975.5,975.5,Khon Kaen University,Thailand,Asia,XL,FC,HI,A,17.2,524,10.7,601,7.4,701,4.4,701,5.3,701.0,2.3,701.0,50.9,701.0,4.4,701,31.8,431.0,42.056250000000006
966,975.5,975.5,King Mongkut's University of Technology Thonburi ,Thailand,Asia,L,CO,VH,A,13.2,601,6.3,601,13.3,701,8.5,701,9.5,701.0,3.2,701.0,36.9,701.0,2.6,701,41.0,360.0,42.056250000000006
967,975.5,925.5,Kumamoto University,Japan,Asia,M,FC,VH,A,7.1,601,2.8,601,55.2,273,12.6,677,7.2,701.0,3.5,701.0,35.1,701.0,2.9,701,8.0,701.0,42.056250000000006
968,975.5,1100.5,Mansoura University,Egypt,Africa,XL,FC,VH,A,14.1,601,12.0,601,3.3,701,2.6,701,6.7,701.0,5.7,701.0,74.7,413.0,4.4,701,40.4,363.0,42.056250000000006
969,975.5,875.5,Niigata University,Japan,Asia,L,FC,HI,A,4.9,601,3.2,601,85.3,103,3.8,701,4.6,701.0,3.1,701.0,18.4,701.0,5.7,701,1.8,701.0,42.056250000000006
970,975.5,925.5,Northern Borders University,Saudi Arabia,Asia,L,FC,MD,A,13.1,601,4.7,601,20.2,666,2.1,701,98.4,115.0,4.8,701.0,13.1,701.0,2.4,701,1.0,701.0,42.056250000000006
971,975.5,925.5,Pontificia Universidad Católica del Ecuador (PUCE),Ecuador,Americas,L,FO,HI,B,17.3,518,16.2,524,11.5,701,1.3,701,14.2,677.0,1.7,701.0,27.1,701.0,34.0,370,1.0,701.0,42.056250000000006
972,975.5,925.5,Prince of Songkla University,Thailand,Asia,XL,FC,HI,A,21.6,408,5.6,601,16.4,701,3.3,701,5.3,701.0,1.9,701.0,40.3,701.0,3.9,701,24.2,497.0,42.056250000000006
973,975.5,875.5,"Queen Margaret University , Edinburgh",United Kingdom,Europe,S,FO,VH,A,3.5,601,4.3,601,5.2,701,18.3,579,59.9,326.0,73.3,199.0,3.3,701.0,1.4,701,1.0,701.0,42.056250000000006
974,975.5,925.5,Rhodes University ,South Africa,Africa,M,CO,VH,A,6.3,601,7.7,601,12.9,701,12.6,679,30.62604242867593,530.4498902706657,33.2,403.0,54.5,701.0,35.5,356,2.9,701.0,42.056250000000006
975,975.5,925.5,Riga Stradins University,Latvia,Europe,M,SP,MD,A,6.1,601,13.4,601,14.1,701,1.9,701,22.3,565.0,90.8,118.0,15.1,701.0,11.4,701,1.1,701.0,42.056250000000006
976,975.5,925.5,S.D. Asfendiyarov Kazakh National Medical University,Kazakhstan,Asia,M,SP,LO,A,6.7,601,4.2,601,59.7,245,1.1,701,10.4,701.0,64.7,231.0,3.9,701.0,3.4,701,1.1,701.0,42.056250000000006
978,975.5,925.5,Sophia University ,Japan,Asia,L,CO,HI,B,12.7,601,19.9,454,21.9,640,1.8,701,34.5,466.0,10.8,701.0,8.6,701.0,11.7,701,5.2,701.0,42.056250000000006
979,975.5,875.5,Southern Federal University,Russia,Europe,L,CO,VH,A,6.6,601,3.8,601,67.9,194,1.9,701,2.9,701.0,25.2,477.0,40.1,701.0,1.8,701,1.2,701.0,42.056250000000006
980,975.5,925.5,St. Louis University,United States,Americas,L,CO,VH,B,4.4,601,2.6,601,53.2,286,13.5,660,12.7,701.0,11.0,698.0,28.7,701.0,9.0,701,1.7,701.0,42.056250000000006
981,975.5,975.5,The University of Alabama,United States,Americas,XL,CO,VH,A,10.0,601,20.3,449,5.3,701,11.9,697,5.3,701.0,2.5,701.0,54.9,699.0,10.7,701,6.7,701.0,42.056250000000006
982,975.5,1100.5,The University of Lahore,Pakistan,Asia,L,FO,VH,B,11.1,601,19.4,464,12.3,701,3.3,701,4.0,701.0,3.0,701.0,61.4,611.0,2.7,701,19.7,537.0,42.056250000000006
983,975.5,925.5,Universidad Autónoma Metropolitana (UAM),Mexico,Americas,XL,FC,HI,A,23.6,371,11.3,601,3.7,701,2.5,701,7.8,701.0,1.2,701.0,45.6,701.0,4.6,701,9.4,680.0,42.056250000000006
985,975.5,795.5,Universidad de La Sabana,Colombia,Americas,M,FC,HI,B,21.0,418,25.5,370,14.2,701,2.0,701,3.9,701.0,1.8,701.0,13.1,701.0,10.5,701,1.1,701.0,42.056250000000006
987,975.5,975.5,Universidad de los Andes - Chile,Chile,Americas,M,FC,HI,B,16.4,544,18.1,486,8.4,701,2.8,701,12.2,701.0,2.0,701.0,22.6,701.0,38.6,331,1.2,701.0,42.056250000000006
988,975.5,825.5,Universidad de San Andrés - UdeSA,Argentina,Americas,S,SP,HI,B,7.7,601,19.7,460,46.0,336,2.2,701,7.5,701.0,4.1,701.0,13.2,701.0,29.8,419,25.072377622377623,529.6944055944056,42.056250000000006
989,975.5,975.5,Universidad Nacional de Rosario (UNR),Argentina,Americas,XL,FC,MD,A,19.5,460,7.7,601,31.2,504,1.1,701,30.62604242867593,530.4498902706657,6.4,701.0,26.8,701.0,10.7,701,1.0,701.0,42.056250000000006
990,975.5,825.5,Universidad Técnica Federico Santa María (USM),Chile,Americas,L,FO,VH,B,9.8,601,33.0,287,3.2,701,5.0,701,13.8,688.0,1.6,701.0,41.6,701.0,13.1,701,7.6,701.0,42.056250000000006
991,975.5,875.5,Universidad Torcuato Di Tella,Argentina,Americas,S,SP,HI,B,12.4,601,20.8,442,14.4,701,2.6,701,33.1,478.0,7.8,701.0,4.5,701.0,35.6,355,25.072377622377623,529.6944055944056,42.056250000000006
993,975.5,975.5,Université Toulouse 1 Capitole,France,Europe,L,FO,VH,A,13.4,601,4.6,601,1.7,701,6.2,701,25.5,526.0,50.2,292.0,52.6,701.0,6.1,701,1.8,701.0,42.056250000000006
994,975.5,975.5,Universiti Pendidikan Sultan Idris (UPSI),Malaysia,Asia,M,FO,VH,A,13.1,601,9.9,601,27.5,554,2.7,701,21.3,583.0,38.3,366.0,21.1,701.0,3.9,701,2.2,701.0,42.056250000000006
995,975.5,975.5,University of Bahrain,Bahrain,Asia,L,CO,HI,A,9.7,601,5.1,601,7.0,701,2.2,701,87.0,213.0,8.9,701.0,36.2,701.0,36.3,350,1.1,701.0,42.056250000000006
996,975.5,925.5,University of Central Lancashire,United Kingdom,Europe,L,CO,HI,A,5.4,601,4.9,601,10.9,701,3.8,701,35.5,451.0,82.0,165.0,53.9,701.0,2.1,701,1.5,701.0,42.056250000000006
997,975.5,1100.5,University of Colombo,Sri Lanka,Asia,L,CO,HI,A,13.1,601,18.0,489,2.5,701,3.2,701,1.1,701.0,1.2,701.0,19.3,701.0,69.6,161,16.3,570.0,42.056250000000006
998,975.5,925.5,University of Denver,United States,Americas,M,CO,VH,B,5.4,601,7.4,601,42.2,368,7.8,701,7.7,701.0,5.8,701.0,32.7,701.0,25.6,460,9.9,667.0,42.056250000000006
999,975.5,875.5,University of Parma,Italy,Europe,XL,FC,HI,A,9.5,601,2.7,601,2.9,701,25.4,492,3.8,701.0,9.1,701.0,69.4,491.0,9.2,701,2.3,701.0,42.056250000000006
1000,975.5,1100.5,University of Regina,Canada,Americas,L,CO,HI,A,3.3,601,2.5,601,3.9,701,21.0,544,7.3,701.0,38.3,365.0,39.1,701.0,4.1,701,44.6,343.0,42.056250000000006
1001,975.5,1100.5,University of South Bohemia,Czech Republic,Europe,M,FO,VH,A,5.2,601,2.3,601,56.0,264,5.7,701,21.5,577.0,11.4,687.0,55.3,690.0,1.6,701,5.7,701.0,42.056250000000006
1002,975.5,975.5,University of the Western Cape,South Africa,Africa,L,CO,VH,A,8.6,601,5.3,601,4.1,701,14.1,653,25.2,531.0,3.7,701.0,76.8,383.0,21.0,545,2.2,701.0,42.056250000000006
1003,975.5,1100.5,Yarmouk University,Jordan,Asia,L,FC,HI,A,14.1,601,20.1,450,3.1,701,2.6,701,7.3,701.0,8.8,701.0,45.3,701.0,33.8,375,7.5,701.0,42.056250000000006
1004,975.5,975.5,Yeungnam University ,South Korea,Asia,L,FC,VH,C,3.8,601,2.9,601,13.4,701,26.9,477,34.2,468.0,7.5,701.0,43.9,701.0,2.7,701,1.6,701.0,42.056250000000006
1005,1100.5,1300.5,Al-Azhar University,Egypt,Africa,XL,CO,VH,A,13.1,601,10.3,601,11.0,701,1.4,701,1.4,701.0,9.5,701.0,58.3,652.0,22.6,505,1.1,701.0,42.056250000000006
1006,1100.5,1100.5,Aligarh Muslim University,India,Asia,L,CO,VH,A,11.1,601,2.8,601,16.2,701,12.1,690,1.0,701.0,1.4,701.0,46.0,701.0,2.7,701,13.2,606.0,42.056250000000006
1007,1100.5,1100.5,Amity University,India,Asia,L,CO,VH,B,9.8,601,10.6,601,10.7,701,7.1,701,3.7,701.0,21.1,527.0,61.5,609.0,4.1,701,10.8,650.0,42.056250000000006
1008,1100.5,1100.5,Amrita Vishwa Vidyapeetham,India,Asia,L,FC,VH,B,5.8,601,4.7,601,24.0,611,5.7,701,35.5,450.0,1.6,701.0,39.7,701.0,1.7,701,1.1,701.0,42.056250000000006
1009,1100.5,1100.5,An-Najah National University,"Palestinian Territory, Occupied",Asia,L,FC,MD,A,7.7,601,12.1,601,7.3,701,2.3,701,34.6,464.0,24.8,481.0,31.8,701.0,21.8,524,1.1,701.0,42.056250000000006
1010,1100.5,1100.5,"Arab Academy for Science, Technology and Maritime Transport",Egypt,Africa,L,FO,VH,A,7.4,601,8.4,601,33.0,478,1.5,701,6.8,701.0,20.4,533.0,29.8,701.0,11.4,701,1.6,701.0,42.056250000000006
1011,1100.5,1100.5,Assiut University ,Egypt,Africa,XL,FC,HI,A,11.4,601,9.8,601,13.6,701,2.2,701,11.8,701.0,3.5,701.0,56.0,678.0,2.5,701,5.4,701.0,42.056250000000006
1012,1100.5,1300.5,Azerbaijan State Oil and Industry University,Azerbaijan,Asia,L,FO,HI,A,7.3,601,5.3,601,29.9,521,1.1,701,17.4,634.0,2.6,701.0,6.6,701.0,31.4,401,25.072377622377623,529.6944055944056,42.056250000000006
1013,1100.5,1100.5,Azerbaijan State University of Economics,Azerbaijan,Asia,L,FO,HI,A,13.0,601,14.5,570,26.1,569,1.2,701,14.2,678.0,3.4,701.0,4.6,701.0,38.6,330,1.9,701.0,42.056250000000006
1014,1100.5,1100.5,Banaras Hindu University,India,Asia,L,FC,VH,A,13.5,601,8.0,601,12.4,701,9.0,701,1.2,701.0,1.7,701.0,56.4,673.0,8.8,701,2.7,701.0,42.056250000000006
1015,1100.5,1100.5,Baylor University,United States,Americas,L,CO,VH,B,6.1,601,9.1,601,11.9,701,7.5,701,2.4,701.0,3.8,701.0,41.8,701.0,11.6,701,4.0,701.0,42.056250000000006
1016,1100.5,975.5,Bielefeld University,Germany,Europe,L,CO,VH,A,14.2,601,3.3,601,8.0,701,6.7,701,20.0,597.0,7.0,701.0,67.0,524.0,2.9,701,4.9,701.0,42.056250000000006
1017,1100.5,1100.5,Binghamton University SUNY,United States,Americas,L,CO,VH,A,7.0,601,5.1,601,5.7,701,15.8,624,10.8,701.0,10.3,701.0,44.2,701.0,3.9,701,3.1,701.0,42.056250000000006
1018,1100.5,1100.5,Birmingham City University ,United Kingdom,Europe,L,CO,HI,A,6.2,601,4.4,601,7.3,701,3.2,701,42.0,409.0,73.8,195.0,27.2,701.0,6.5,701,1.4,701.0,42.056250000000006
1019,1100.5,1100.5,BRAC University,Bangladesh,Asia,L,CO,HI,B,11.6,601,27.9,344,10.0,701,2.0,701,2.0,701.0,1.4,701.0,21.4,701.0,3.8,701,1.1,701.0,42.056250000000006
1020,1100.5,1100.5,Brigham Young University,United States,Americas,XL,CO,VH,B,7.5,601,7.0,601,4.8,701,10.4,701,1.3,701.0,3.0,701.0,52.4,701.0,22.2,520,3.8,701.0,42.056250000000006
1021,1100.5,1100.5,Canterbury Christ Church University,United Kingdom,Europe,L,CO,HI,A,5.1,601,2.2,601,4.7,701,3.7,701,34.5,465.0,87.6,136.0,17.7,701.0,1.3,701,1.0,701.0,42.056250000000006
1022,1100.5,1100.5,Chang Jung Christian University,Taiwan,Asia,M,CO,HI,B,8.5,601,4.6,601,48.4,323,1.6,701,6.1,701.0,4.4,701.0,4.8,701.0,2.0,701,1.1,701.0,42.056250000000006
1023,1100.5,1100.5,Chung Yuan Christian University,Taiwan,Asia,L,CO,HI,A,6.3,601,5.3,601,4.3,701,15.6,626,3.9,701.0,6.7,701.0,15.1,701.0,22.4,512,7.9,701.0,42.056250000000006
1024,1100.5,1100.5,Chungbuk National University,South Korea,Asia,M,FC,VH,A,3.8,601,2.7,601,34.1,463,10.3,701,10.5,701.0,7.7,701.0,27.4,701.0,1.7,701,15.4,585.0,42.056250000000006
1025,1100.5,925.5,College of William and Mary,United States,Americas,M,CO,VH,A,8.1,601,9.1,601,20.9,657,11.4,701,6.3,701.0,5.4,701.0,33.1,701.0,23.7,476,4.3,701.0,42.056250000000006
1026,1100.5,1100.5,Corvinus University of Budapest,Hungary,Europe,M,FO,VH,B,10.3,601,21.6,427,4.7,701,3.1,701,7.3,701.0,34.8,393.0,19.3,701.0,33.5,377,1.0,701.0,42.056250000000006
1027,1100.5,1100.5,Cracow University of Technology (Politechnika Krakowska),Poland,Europe,L,SP,VH,A,11.0,601,21.3,431,21.7,642,4.7,701,2.6,701.0,3.3,701.0,46.5,701.0,5.4,701,1.0,701.0,42.056250000000006
1028,1100.5,1100.5,Dankook University ,South Korea,Asia,L,FC,HI,B,5.8,601,4.0,601,59.2,248,3.0,701,4.2,701.0,7.1,701.0,13.0,701.0,2.9,701,4.1,701.0,42.056250000000006
1029,1100.5,1100.5,EGE UNIVERSITY,Turkey,Asia,L,FC,HI,A,10.0,601,13.6,595,15.8,701,3.2,701,1.3,701.0,7.8,701.0,68.6,506.0,2.1,701,1.4,701.0,42.056250000000006
1030,1100.5,1100.5,Escuela Superior Politécnica del Litoral (ESPOL),Ecuador,Americas,M,CO,HI,A,14.3,601,8.4,601,22.4,627,2.6,701,12.0,701.0,1.6,701.0,27.5,701.0,8.6,701,22.7,509.0,42.056250000000006
1031,1100.5,1100.5,Fordham University ,United States,Americas,L,CO,HI,B,6.8,601,8.3,601,14.8,701,5.4,701,6.3,701.0,13.9,641.0,23.9,701.0,29.1,427,1.4,701.0,42.056250000000006
1032,1100.5,1300.5,Gebze Technical University (GTU),Turkey,Asia,M,CO,VH,A,4.5,601,3.4,601,7.8,701,18.5,574,6.2,701.0,3.8,701.0,37.3,701.0,2.3,701,3.8,701.0,42.056250000000006
1033,1100.5,975.5,George Mason University,United States,Americas,XL,CO,VH,A,8.8,601,4.8,601,12.4,701,9.2,701,10.0,701.0,15.3,616.0,60.9,623.0,11.9,701,22.5,510.0,42.056250000000006
1034,1100.5,975.5,Gifu University,Japan,Asia,M,FC,VH,A,6.6,601,2.3,601,57.9,253,7.6,701,4.3,701.0,3.3,701.0,20.6,701.0,1.8,701,3.1,701.0,42.056250000000006
1035,1100.5,1100.5,Glasgow Caledonian University,United Kingdom,Europe,L,FO,VH,A,5.2,601,5.4,601,4.3,701,6.3,701,30.1,494.0,34.9,392.0,37.2,701.0,6.8,701,23.5,503.0,42.056250000000006
1036,1100.5,975.5,Gunma University,Japan,Asia,M,FO,VH,A,3.5,601,1.9,601,85.8,102,4.7,701,4.0,701.0,3.2,701.0,8.7,701.0,1.9,701,1.0,701.0,42.056250000000006
1037,1100.5,1401.0,Guru Gobind Singh Indraprastha University,India,Asia,S,CO,VH,A,4.5,601,4.4,601,6.6,701,27.7,469,3.7,701.0,5.1,701.0,17.3,701.0,6.4,701,2.2,701.0,42.056250000000006
1038,1100.5,1100.5,Harbin Engineering University,China (Mainland),Asia,L,FO,VH,A,5.4,601,2.4,601,16.5,701,28.1,464,2.3,701.0,2.2,701.0,32.4,701.0,3.8,701,1.3,701.0,42.056250000000006
1039,1100.5,1300.5,Hohai University,China (Mainland),Asia,XL,FO,VH,A,4.1,601,1.5,601,7.9,701,16.5,614,30.62604242867593,530.4498902706657,25.733759772565744,531.8550106609808,70.7,474.0,2.2,701,2.4,701.0,42.056250000000006
1040,1100.5,1100.5,Howard University,United States,Americas,M,FC,HI,B,7.0,601,9.2,601,38.9,403,3.0,701,1.1,701.0,4.1,701.0,31.9,701.0,18.8,588,1.1,701.0,42.056250000000006
1041,1100.5,1100.5,Hungarian University of Agriculture and Life Sciences,Hungary,Europe,M,FO,VH,B,6.0,601,4.9,601,30.4,514,3.2,701,2.2,701.0,29.2,437.0,53.5,701.0,3.6,701,1.3,701.0,42.056250000000006
1042,1100.5,975.5,Indiana University–Purdue University Indianapolis,United States,Americas,L,FC,HI,A,7.1,601,4.5,601,22.2,634,10.0,701,28.8,503.0,6.6,701.0,33.6,701.0,3.7,701,6.7,701.0,42.056250000000006
1043,1100.5,1100.5,International Christian University,Japan,Asia,S,CO,MD,C,5.2,601,11.5,601,19.4,686,1.5,701,76.3,254.0,4.5,701.0,10.1,701.0,12.0,701,25.072377622377623,529.6944055944056,42.056250000000006
1044,1100.5,1300.5,International Islamic University Islamabad (IIU),Pakistan,Asia,L,CO,HI,A,7.0,601,10.7,601,3.5,701,8.0,701,4.2,701.0,6.1,701.0,50.3,701.0,4.3,701,1.1,701.0,42.056250000000006
1045,1100.5,975.5,Islamic University of Madinah,Saudi Arabia,Asia,L,FO,HI,A,5.5,601,1.9,601,6.6,701,1.5,701,36.3,440.0,100.0,5.0,10.3,701.0,2.1,701,1.0,701.0,42.056250000000006
1046,1100.5,1100.5,"ITESO, Universidad Jesuita de Guadalajara",Mexico,Americas,M,FO,MD,B,6.3,601,4.4,601,72.8,181,1.0,701,2.4,701.0,1.5,701.0,3.5,701.0,1.9,701,1.0,701.0,42.056250000000006
1047,1100.5,1100.5,Jiangnan University,China (Mainland),Asia,L,FC,VH,A,4.4,601,3.3,601,20.0,672,26.7,479,30.62604242867593,530.4498902706657,25.733759772565744,531.8550106609808,44.4,701.0,1.4,701,1.2,701.0,42.056250000000006
1048,1100.5,1100.5,Kagoshima University,Japan,Asia,M,FC,HI,A,6.1,601,2.9,601,63.6,216,3.5,701,3.8,701.0,2.8,701.0,26.6,701.0,1.7,701,1.0,701.0,42.056250000000006
1049,1100.5,1100.5,Kangwon National University ,South Korea,Asia,L,FC,HI,A,4.8,601,4.7,601,22.2,632,8.2,701,4.7,701.0,2.6,701.0,27.6,701.0,2.8,701,34.5,411.0,42.056250000000006
1050,1100.5,1100.5,Kazakh-British Technical University,Kazakhstan,Asia,M,FO,HI,A,14.4,601,28.2,339,16.1,701,1.5,701,6.0,701.0,2.5,701.0,13.8,701.0,3.4,701,1.2,701.0,42.056250000000006
1051,1100.5,1100.5,Kent State University,United States,Americas,L,FO,VH,A,5.5,601,2.9,601,6.2,701,12.7,674,19.2,611.0,6.6,701.0,57.1,660.0,7.6,701,2.8,701.0,42.056250000000006
1052,1100.5,1100.5,Kyushu Institute of Technology ,Japan,Asia,M,FO,VH,A,4.6,601,5.4,601,9.6,701,25.6,491,7.1,701.0,3.5,701.0,20.6,701.0,1.9,701,1.1,701.0,42.056250000000006
1053,1100.5,1100.5,Leeds Beckett University,United Kingdom,Europe,L,CO,HI,A,4.5,601,5.9,601,3.8,701,7.5,701,39.1,424.0,27.4,452.0,24.8,701.0,8.5,701,1.5,701.0,42.056250000000006
1054,1100.5,1100.5,Lobachevsky University,Russia,Europe,L,FO,VH,A,7.9,601,3.9,601,41.1,382,2.0,701,2.0,701.0,22.3,514.0,18.1,701.0,3.2,701,1.3,701.0,42.056250000000006
1055,1100.5,1100.5,Lodz University of Technology,Poland,Europe,M,CO,VH,A,5.0,601,3.4,601,46.2,335,8.9,701,3.3,701.0,4.0,701.0,50.7,701.0,3.2,701,4.0,701.0,42.056250000000006
1056,1100.5,925.5,London Metropolitan University,United Kingdom,Europe,M,CO,HI,A,5.0,601,3.0,601,3.8,701,3.3,701,59.5,327.0,100.0,22.0,16.1,701.0,13.5,701,1.0,701.0,42.056250000000006
1057,1100.5,925.5,Loyola University Chicago,United States,Americas,L,FC,HI,B,8.5,601,17.3,497,23.2,620,7.0,701,6.5,701.0,3.0,701.0,39.5,701.0,13.2,701,1.9,701.0,42.056250000000006
1058,1100.5,975.5,Lviv Polytechnic National University,Ukraine,Europe,L,CO,VH,A,8.4,601,13.5,598,28.4,546,1.9,701,1.4,701.0,1.2,701.0,18.9,701.0,15.2,654,11.5,632.0,42.056250000000006
1059,1100.5,1300.5,Marmara University,Turkey,Asia,XL,FO,VH,A,8.1,601,11.4,601,4.4,701,2.4,701,2.9,701.0,4.2,701.0,45.3,701.0,23.9,474,2.7,701.0,42.056250000000006
1060,1100.5,1100.5,Mississippi State University,United States,Americas,L,CO,VH,A,6.2,601,3.6,601,7.4,701,17.4,592,8.9,701.0,3.1,701.0,50.6,701.0,7.1,701,4.5,701.0,42.056250000000006
1061,1100.5,1100.5,Multimedia University (MMU),Malaysia,Asia,M,FO,VH,C,11.0,601,15.4,549,10.9,701,4.7,701,28.5,504.0,30.3,426.0,19.6,701.0,3.8,701,3.7,701.0,42.056250000000006
1062,1100.5,1100.5,Mustansiriyah University,Iraq,Asia,XL,FC,HI,A,5.0,601,8.4,601,51.2,299,1.3,701,35.7,446.0,3.6,701.0,14.0,701.0,4.2,701,1.1,701.0,42.056250000000006
1063,1100.5,1100.5,Mutah University,Jordan,Asia,M,FC,MD,A,9.1,601,11.0,601,11.0,701,1.8,701,10.1,701.0,32.5,410.0,25.7,701.0,7.3,701,1.6,701.0,42.056250000000006
1064,1100.5,1100.5,Mykolas Romeris University,Lithuania,Europe,S,FO,VH,A,6.2,601,8.7,601,13.9,701,4.5,701,14.0,685.0,35.3,387.0,15.0,701.0,47.2,273,11.8,623.0,42.056250000000006
1065,1100.5,1100.5,Nanjing Normal University,China (Mainland),Asia,XL,SP,VH,A,5.0,601,1.8,601,15.8,701,26.8,478,30.62604242867593,530.4498902706657,4.2,701.0,53.3,701.0,4.4,701,2.9,701.0,42.056250000000006
1066,1100.5,1300.5,Narxoz University,Kazakhstan,Asia,M,FO,MD,B,9.6,601,7.5,601,12.9,701,1.3,701,14.9,667.0,6.2,701.0,1.0,701.0,60.3,200,1.4,701.0,42.056250000000006
1067,1100.5,925.5,National Chung Cheng University,Taiwan,Asia,M,CO,VH,A,12.5,601,24.9,382,14.5,701,4.9,701,4.7,701.0,3.5,701.0,21.4,701.0,2.7,701,9.9,667.0,42.056250000000006
1068,1100.5,925.5,"National Technical University ""Kharkiv Polytechnic Institute""",Ukraine,Europe,M,CO,VH,A,6.5,601,10.6,601,54.3,280,1.3,701,1.7,701.0,20.1,538.0,11.4,701.0,4.0,701,1.6,701.0,42.056250000000006
1069,1100.5,1100.5,National University of Kyiv-Mohyla Academy (NaUKMA),Ukraine,Europe,S,FO,HI,A,5.1,601,10.6,601,44.2,351,1.2,701,2.1,701.0,1.1,701.0,6.3,701.0,13.5,701,1.0,701.0,42.056250000000006
1070,1100.5,975.5,NJSC KIMEP University,Kazakhstan,Asia,S,SP,HI,B,5.9,601,14.3,576,13.8,701,4.0,701,75.6,258.0,15.7,611.0,2.5,701.0,27.6,437,1.0,701.0,42.056250000000006
1071,1100.5,1100.5,Northern Arizona University,United States,Americas,L,CO,VH,A,5.8,601,6.2,601,5.1,701,13.1,665,3.0,701.0,3.1,701.0,55.1,695.0,4.6,701,6.4,701.0,42.056250000000006
1072,1100.5,1100.5,Northwest University (China),China (Mainland),Asia,L,CO,VH,A,4.0,601,1.4,601,48.8,321,17.2,596,3.5,701.0,2.6,701.0,33.9,701.0,3.0,701,1.4,701.0,42.056250000000006
1073,1100.5,975.5,O.P. Jindal Global University,India,Asia,M,SP,VH,B,8.8,601,10.0,601,53.8,282,1.6,701,18.0,628.0,1.2,701.0,8.4,701.0,3.2,701,2.3,701.0,42.056250000000006
1074,1100.5,1100.5,Ohio University,United States,Americas,L,FC,HI,A,8.1,601,5.5,601,5.7,701,10.5,701,2.4,701.0,3.3,701.0,41.4,701.0,16.9,616,2.7,701.0,42.056250000000006
1075,1100.5,1100.5,Panjab University,India,Asia,L,CO,VH,A,7.8,601,7.3,601,6.2,701,24.1,507,30.62604242867593,530.4498902706657,1.7,701.0,30.9,701.0,31.8,398,2.4,701.0,42.056250000000006
1076,1100.5,1100.5,Paul Valéry University Montpellier,France,Europe,L,FO,VH,A,11.8,601,2.8,601,2.9,701,5.3,701,5.0,701.0,32.2,411.0,48.3,701.0,2.1,701,2.8,701.0,42.056250000000006
1077,1100.5,1100.5,Pontifícia Universidade Católica de São Paulo,Brazil,Americas,M,FC,MD,B,10.1,601,14.8,562,37.6,426,1.2,701,3.8,701.0,1.2,701.0,1.8,701.0,34.1,369,1.0,701.0,42.056250000000006
1078,1100.5,1100.5,Poznan University of Technology,Poland,Europe,L,SP,VH,A,7.8,601,6.8,601,31.6,501,6.3,701,2.3,701.0,5.7,701.0,44.9,701.0,5.2,701,1.4,701.0,42.056250000000006
1079,1100.5,1100.5,Rochester Institute of Technology (RIT),United States,Americas,L,CO,VH,B,7.2,601,10.7,601,19.2,695,6.3,701,4.7,701.0,16.1,604.0,36.8,701.0,9.0,701,34.5,411.0,42.056250000000006
1080,1100.5,1100.5,Russian Presidential Academy of National Economy and Public Administration,Russia,Europe,XL,SP,VH,A,4.9,601,7.6,601,47.8,327,1.1,701,1.8,701.0,2.8,701.0,17.7,701.0,41.8,309,1.0,701.0,42.056250000000006
1081,1100.5,975.5,Saint Petersburg Electrotechnical University ETU-LETI,Russia,Europe,M,FO,VH,A,5.4,601,3.6,601,46.4,332,1.8,701,4.2,701.0,46.3,319.0,14.6,701.0,5.6,701,1.1,701.0,42.056250000000006
1082,1100.5,1100.5,Saint-Petersburg Mining University,Russia,Europe,M,FO,VH,A,3.6,601,3.2,601,64.1,213,2.1,701,21.1,586.0,29.3,436.0,6.5,701.0,8.0,701,1.1,701.0,42.056250000000006
1083,1100.5,925.5,Samara National Research University (Samara University),Russia,Europe,M,CO,VH,A,4.1,601,2.2,601,75.4,165,2.1,701,2.2,701.0,12.3,673.0,17.0,701.0,9.1,701,1.2,701.0,42.056250000000006
1084,1100.5,1100.5,San Diego State University,United States,Americas,XL,CO,VH,A,5.4,601,3.0,601,3.3,701,14.3,648,5.2,701.0,3.5,701.0,68.7,502.0,15.8,639,9.4,680.0,42.056250000000006
1085,1100.5,1100.5,Sheffield Hallam University,United Kingdom,Europe,L,CO,HI,A,6.7,601,8.6,601,9.5,701,4.5,701,33.6,473.0,33.1,405.0,50.4,701.0,8.6,701,2.2,701.0,42.056250000000006
1086,1100.5,1100.5,Shinshu University ,Japan,Asia,M,FC,VH,A,3.6,601,3.2,601,34.9,455,11.2,701,5.5,701.0,2.6,701.0,24.1,701.0,1.8,701,1.1,701.0,42.056250000000006
1087,1100.5,1100.5,"Siberian Federal University, SibFU",Russia,Europe,M,CO,VH,A,6.8,601,4.5,601,18.9,701,3.8,701,46.3,387.0,31.6,417.0,32.6,701.0,8.0,701,1.2,701.0,42.056250000000006
1088,1100.5,1100.5,Silesian University of Technology,Poland,Europe,L,FO,VH,A,6.8,601,3.8,601,30.3,516,7.0,701,2.9,701.0,3.3,701.0,63.4,581.0,9.5,701,1.4,701.0,42.056250000000006
1090,1100.5,1100.5,Slovak University of Technology in Bratislava,Slovakia,Europe,M,FO,VH,A,9.1,601,9.0,601,38.8,408,3.8,701,2.4,701.0,6.5,701.0,48.3,701.0,15.0,664,1.0,701.0,42.056250000000006
1092,1100.5,1100.5,Soonchunhyang University,South Korea,Asia,M,FC,VH,B,5.6,601,4.7,601,55.2,274,5.7,701,5.5,701.0,3.9,701.0,11.7,701.0,1.8,701,6.4,701.0,42.056250000000006
1093,1100.5,1100.5,Southern Methodist University,United States,Americas,M,CO,VH,B,4.9,601,3.6,601,29.3,529,7.2,701,6.8,701.0,8.7,701.0,30.2,701.0,38.8,328,2.4,701.0,42.056250000000006
1094,1100.5,1100.5,Southwest University,China (Mainland),Asia,XL,CO,VH,A,3.0,601,1.9,601,13.3,701,23.9,508,1.3,701.0,1.7,701.0,44.1,701.0,10.6,701,2.3,701.0,42.056250000000006
1095,1100.5,1300.5,SRM INSTITUTE OF SCIENCE AND TECHNOLOGY,India,Asia,XL,CO,VH,B,8.6,601,16.0,533,13.4,701,4.0,701,1.5,701.0,1.6,701.0,56.2,675.0,1.8,701,12.7,615.0,42.056250000000006
1096,1100.5,975.5,Sumy State University,Ukraine,Europe,M,FC,HI,A,5.8,601,5.3,601,35.1,451,2.5,701,3.1,701.0,40.5,352.0,28.9,701.0,3.8,701,7.5,701.0,42.056250000000006
1097,1100.5,925.5,Sungshin Women's University,South Korea,Asia,M,CO,MD,B,5.6,601,8.3,601,81.9,122,1.2,701,2.7,701.0,4.3,701.0,4.2,701.0,1.7,701,1.0,701.0,42.056250000000006
1098,1100.5,1100.5,Széchenyi István University,Hungary,Europe,M,FC,MD,C,9.2,601,31.2,300,25.0,593,1.6,701,3.4,701.0,6.7,701.0,7.4,701.0,3.9,701,3.5,701.0,42.056250000000006
1099,1100.5,1100.5,Taibah University,Saudi Arabia,Asia,XL,FC,HI,A,6.1,601,2.1,601,4.5,701,3.6,701,94.4,156.0,2.0,701.0,38.6,701.0,2.0,701,1.1,701.0,42.056250000000006
1100,1100.5,1100.5,Tallinn University ,Estonia,Europe,M,FO,VH,A,9.0,601,4.3,601,7.9,701,5.5,701,43.8,403.0,19.4,555.0,49.4,701.0,31.0,406,1.0,701.0,42.056250000000006
1101,1100.5,1100.5,Technical University of Kosice,Slovakia,Europe,M,FO,VH,A,7.5,601,4.4,601,19.8,679,5.5,701,1.5,701.0,56.2,268.0,37.2,701.0,4.5,701,1.0,701.0,42.056250000000006
1102,1100.5,975.5,Tecnológico de Costa Rica -TEC,Costa Rica,Americas,M,CO,HI,A,8.4,601,21.0,438,21.4,647,1.4,701,7.0,701.0,1.9,701.0,12.4,701.0,8.8,701,1.0,701.0,42.056250000000006
1103,1100.5,1100.5,Telkom University,Indonesia,Asia,L,SP,VH,C,8.7,601,12.1,601,21.3,651,1.5,701,35.5,452.0,6.5,701.0,10.0,701.0,5.7,701,1.5,701.0,42.056250000000006
1104,1100.5,1300.5,The Hashemite University,Jordan,Asia,L,FC,HI,A,9.4,601,14.6,566,4.2,701,3.6,701,7.2,701.0,14.6,632.0,39.1,701.0,3.6,701,2.4,701.0,42.056250000000006
1105,1100.5,1100.5,The University of Northampton,United Kingdom,Europe,M,CO,HI,A,3.2,601,2.7,601,5.2,701,2.6,701,36.3,439.0,96.6,82.0,8.4,701.0,4.1,701,1.0,701.0,42.056250000000006
1106,1100.5,1100.5,The University of Texas at Arlington,United States,Americas,XL,CO,VH,A,4.6,601,5.1,601,4.5,701,9.8,701,1.9,701.0,29.6,433.0,61.6,608.0,8.1,701,40.4,363.0,42.056250000000006
1107,1100.5,1100.5,Tokushima University,Japan,Asia,M,FC,VH,A,4.4,601,1.8,601,64.0,214,5.6,701,2.5,701.0,2.2,701.0,18.4,701.0,4.1,701,1.0,701.0,42.056250000000006
1108,1100.5,975.5,Tokyo Metropolitan University,Japan,Asia,M,CO,VH,A,12.8,601,5.5,601,32.0,494,11.4,701,7.3,701.0,4.5,701.0,29.5,701.0,4.0,701,1.1,701.0,42.056250000000006
1109,1100.5,1100.5,Universidad Andrés Bello,Chile,Americas,XL,FC,HI,B,12.3,601,7.4,601,6.9,701,2.3,701,7.1,701.0,1.9,701.0,51.2,701.0,2.1,701,4.0,701.0,42.056250000000006
1110,1100.5,1100.5,Universidad Austral de Chile,Chile,Americas,L,FC,HI,B,13.9,601,8.0,601,3.1,701,7.3,701,15.6,658.0,1.6,701.0,45.4,701.0,3.5,701,5.6,701.0,42.056250000000006
1111,1100.5,1100.5,Universidad Autónoma Chapingo,Mexico,Americas,M,FO,VH,A,3.7,601,2.5,601,80.2,135,1.4,701,2.6,701.0,1.3,701.0,3.8,701.0,4.8,701,1.0,701.0,42.056250000000006
1112,1100.5,1100.5,Universidad Autónoma de Nuevo León,Mexico,Americas,XL,FC,HI,A,14.5,599,8.5,601,2.3,701,1.8,701,2.9,701.0,1.1,701.0,35.9,701.0,13.4,701,10.6,653.0,42.056250000000006
1113,1100.5,1100.5,Universidad Autónoma del Estado de México (UAEMex),Mexico,Americas,XL,FC,MD,A,19.3,466,8.2,601,4.6,701,1.5,701,3.0,701.0,1.3,701.0,16.0,701.0,1.8,701,4.9,701.0,42.056250000000006
1114,1100.5,975.5,Universidad de Castilla-La Mancha,Spain,Europe,L,FC,VH,A,7.9,601,2.1,601,16.9,701,9.7,701,2.1,701.0,5.2,701.0,71.6,458.0,4.9,701,8.8,692.0,42.056250000000006
1115,1100.5,875.5,Universidad de Guadalajara (UDG),Mexico,Americas,XL,FC,HI,A,18.9,477,7.5,601,17.1,701,1.2,701,2.2,701.0,1.1,701.0,47.1,701.0,5.8,701,6.0,701.0,42.056250000000006
1116,1100.5,1300.5,Universidad de La Frontera (UFRO),Chile,Americas,M,CO,VH,A,10.3,601,3.0,601,4.1,701,9.3,701,6.0,701.0,1.2,701.0,53.3,701.0,2.3,701,1.5,701.0,42.056250000000006
1117,1100.5,975.5,Universidad de las Américas Puebla (UDLAP),Mexico,Americas,M,FC,MD,B,7.9,601,9.1,601,44.2,352,1.9,701,21.5,578.0,7.4,701.0,6.9,701.0,3.8,701,1.0,701.0,42.056250000000006
1118,1100.5,1100.5,Universidad de Lima,Peru,Americas,L,SP,MD,B,9.6,601,26.2,363,3.8,701,1.2,701,3.2,701.0,2.1,701.0,8.7,701.0,20.9,549,1.0,701.0,42.056250000000006
1119,1100.5,1100.5,Universidad de Los Andes - (ULA) Mérida,Venezuela,Americas,L,FC,MD,A,14.6,595,8.5,601,25.4,585,1.2,701,1.3,701.0,1.6,701.0,15.5,701.0,18.8,587,1.3,701.0,42.056250000000006
1120,1100.5,1100.5,Universidad de Oviedo,Spain,Europe,L,CO,VH,A,12.5,601,3.7,601,20.0,674,6.5,701,4.1,701.0,1.7,701.0,70.7,473.0,8.5,701,5.1,701.0,42.056250000000006
1121,1100.5,1100.5,Universidad de Puerto Rico,Puerto Rico,Americas,XL,FC,HI,A,10.2,601,6.8,601,14.4,701,2.0,701,1.3,701.0,1.5,701.0,39.4,701.0,62.2,192,2.3,701.0,42.056250000000006
1122,1100.5,1100.5,Universidad de Talca,Chile,Americas,M,FO,VH,A,10.8,601,5.6,601,6.4,701,6.2,701,21.4,581.0,1.4,701.0,35.7,701.0,2.1,701,1.3,701.0,42.056250000000006
1123,1100.5,1100.5,Universidad del Norte ,Colombia,Americas,M,FC,HI,B,9.6,601,11.9,601,10.8,701,2.9,701,7.7,701.0,1.4,701.0,29.6,701.0,7.6,701,21.3,521.0,42.056250000000006
1124,1100.5,1100.5,Universidad del Pacífico,Peru,Americas,M,SP,MD,B,7.0,601,28.0,342,3.0,701,3.1,701,9.4,701.0,2.2,701.0,5.3,701.0,16.6,623,1.5,701.0,42.056250000000006
1125,1100.5,1100.5,Universidad del Valle,Colombia,Americas,XL,FC,MD,A,18.1,500,8.2,601,7.7,701,1.9,701,2.1,701.0,1.3,701.0,20.5,701.0,21.4,535,1.7,701.0,42.056250000000006
1126,1100.5,975.5,Universidad Diego Portales (UDP),Chile,Americas,L,FO,VH,B,14.7,591,14.9,560,8.6,701,3.7,701,13.1,701.0,2.9,701.0,39.6,701.0,6.2,701,2.3,701.0,42.056250000000006
1127,1100.5,925.5,Universidad ICESI,Colombia,Americas,M,FO,HI,B,5.7,601,6.1,601,78.6,146,1.6,701,3.7,701.0,2.5,701.0,8.7,701.0,9.7,701,1.0,701.0,42.056250000000006
1128,1100.5,1100.5,Universidad Nacional de Cuyo,Argentina,Americas,XL,FC,MD,A,12.9,601,6.1,601,23.0,623,1.6,701,1.8,701.0,13.9,643.0,27.4,701.0,10.3,701,8.4,698.0,42.056250000000006
1129,1100.5,1100.5,Universidad Nacional de la Asunción,Paraguay,Americas,XL,FC,MD,A,6.1,601,5.3,601,31.7,500,1.1,701,1.3,701.0,1.7,701.0,11.8,701.0,69.0,166,1.1,701.0,42.056250000000006
1130,1100.5,1100.5,Universidad Nacional de San Luis,Argentina,Americas,L,CO,MD,A,3.8,601,1.4,601,73.8,174,1.2,701,30.62604242867593,530.4498902706657,25.733759772565744,531.8550106609808,9.8,701.0,1.2,701,1.0,701.0,42.056250000000006
1131,1100.5,1100.5,Universidad Nacional del Centro de la Provincia de Buenos Aires (UNICEN),Argentina,Americas,L,FC,MD,A,5.5,601,2.5,601,76.8,154,1.3,701,30.62604242867593,530.4498902706657,25.733759772565744,531.8550106609808,13.9,701.0,1.3,701,1.0,701.0,42.056250000000006
1132,1100.5,975.5,Universidad Peruana Cayetano Heredia (UPCH),Peru,Americas,M,FO,VH,B,9.5,601,8.5,601,45.5,340,2.2,701,1.8,701.0,1.4,701.0,28.9,701.0,3.8,701,9.8,672.0,42.056250000000006
1133,1100.5,975.5,Universidad Rey Juan Carlos,Spain,Europe,XL,CO,VH,A,7.9,601,8.3,601,7.2,701,4.5,701,16.5,645.0,12.4,669.0,62.9,589.0,7.0,701,24.0,498.0,42.056250000000006
1134,1100.5,975.5,Universidad Simón Bolívar (USB),Venezuela,Americas,S,FO,VH,A,13.7,601,15.9,535,14.4,701,2.6,701,1.7,701.0,1.0,701.0,11.5,701.0,11.2,701,1.0,701.0,42.056250000000006
1135,1100.5,975.5,Universidad Tecnológica de Panamá (UTP),Panama,Americas,L,CO,MD,A,7.8,601,17.8,493,27.2,556,1.1,701,4.1,701.0,3.9,701.0,4.9,701.0,6.1,701,1.1,701.0,42.056250000000006
1136,1100.5,1100.5,Universidad Tecnológica Nacional (UTN),Argentina,Americas,XL,SP,HI,A,4.5,601,14.3,575,49.7,314,1.1,701,30.62604242867593,530.4498902706657,1.5,701.0,11.4,701.0,6.7,701,1.0,701.0,42.056250000000006
1137,1100.5,1100.5,Universidade da Coruña ,Spain,Europe,L,CO,VH,A,5.9,601,4.8,601,24.2,606,7.3,701,2.9,701.0,4.5,701.0,56.1,676.0,1.8,701,23.2,505.0,42.056250000000006
1138,1100.5,1100.5,Universidade Federal de Pernambuco (UFPE) ,Brazil,Americas,XL,FC,HI,A,11.6,601,2.4,601,15.5,701,4.1,701,1.5,701.0,1.2,701.0,55.1,696.0,3.7,701,1.2,701.0,42.056250000000006
1139,1100.5,1100.5,Universidade Federal de São Carlos (UFSCar),Brazil,Americas,L,FC,VH,A,11.8,601,6.4,601,15.5,701,17.8,585,2.6,701.0,1.6,701.0,45.5,701.0,1.8,701,2.7,701.0,42.056250000000006
1140,1100.5,1100.5,Universidade Federal do Paraná - UFPR,Brazil,Americas,XL,FC,VH,A,13.0,601,5.8,601,20.1,669,5.2,701,2.9,701.0,6.0,701.0,52.6,701.0,9.6,701,2.0,701.0,42.056250000000006
1141,1100.5,1300.5,Universidade Federal Fluminense ,Brazil,Americas,XL,FC,HI,A,9.6,601,2.5,601,12.8,701,3.6,701,6.3,701.0,1.2,701.0,52.2,701.0,10.9,701,13.1,613.0,42.056250000000006
1142,1100.5,1100.5,"Universita' degli Studi ""G. d'Annunzio"" Chieti Pescara",Italy,Europe,L,FO,VH,A,3.7,601,1.6,601,3.3,701,29.3,443,3.8,701.0,2.8,701.0,58.5,651.0,1.2,701,1.2,701.0,42.056250000000006
1143,1100.5,1100.5,Università degli Studi di Udine,Italy,Europe,M,CO,VH,A,7.1,601,2.7,601,11.3,701,16.7,611,4.2,701.0,3.7,701.0,53.5,701.0,1.9,701,4.3,701.0,42.056250000000006
1144,1100.5,1100.5,Università del Salento,Italy,Europe,L,CO,VH,A,7.1,601,1.7,601,6.9,701,21.7,535,1.7,701.0,1.5,701.0,65.2,551.0,1.6,701,2.7,701.0,42.056250000000006
1145,1100.5,1100.5,Universitas Hasanuddin,Indonesia,Asia,XL,FC,HI,A,14.3,601,13.0,601,22.2,633,1.3,701,8.8,701.0,1.4,701.0,15.9,701.0,15.0,661,1.1,701.0,42.056250000000006
1146,1100.5,1100.5,Universitas Sebelas Maret,Indonesia,Asia,XL,FC,HI,A,12.9,601,16.3,520,16.0,701,1.5,701,17.1,640.0,2.8,701.0,14.9,701.0,2.4,701,9.3,683.0,42.056250000000006
1148,1100.5,1100.5,Universität Siegen,Germany,Europe,L,CO,HI,A,4.5,601,1.7,601,9.2,701,6.8,701,57.7,332.0,28.0,444.0,40.0,701.0,3.9,701,1.2,701.0,42.056250000000006
1149,1100.5,1100.5,Université de Caen Normandie,France,Europe,L,FC,HI,A,8.8,601,2.8,601,6.6,701,6.3,701,8.1,701.0,6.2,701.0,74.6,415.0,2.1,701,1.9,701.0,42.056250000000006
1150,1100.5,1100.5,Université de Poitiers,France,Europe,L,CO,VH,A,7.9,601,1.7,601,5.4,701,5.2,701,30.62604242867593,530.4498902706657,26.4,458.0,75.3,404.0,6.7,701,2.1,701.0,42.056250000000006
1151,1100.5,1100.5,Université de Sfax,Tunisia,Africa,XL,CO,VH,A,7.0,601,4.1,601,44.0,354,3.7,701,1.1,701.0,3.2,701.0,50.8,701.0,10.3,701,8.0,701.0,42.056250000000006
1152,1100.5,1100.5,Université de Sousse,Tunisia,Africa,L,FC,HI,A,4.5,601,1.8,601,51.1,301,1.7,701,1.1,701.0,2.2,701.0,37.0,701.0,3.9,701,1.0,701.0,42.056250000000006
1153,1100.5,1100.5,Université de Toulouse II-Le Mirail,France,Europe,XL,FO,VH,A,9.4,601,2.7,601,1.3,701,7.1,701,27.2,515.0,19.7,547.0,67.0,522.0,2.1,701,1.2,701.0,42.056250000000006
1154,1100.5,1300.5,Université de Tunis,Tunisia,Africa,L,FO,VH,A,7.2,601,3.9,601,19.4,688,1.9,701,2.0,701.0,1.8,701.0,27.0,701.0,48.1,266,1.0,701.0,42.056250000000006
1155,1100.5,1100.5,Université Lumière Lyon 2,France,Europe,L,SP,VH,A,10.1,601,2.5,601,4.5,701,6.2,701,26.7,519.0,35.5,386.0,59.1,642.0,1.3,701,1.7,701.0,42.056250000000006
1156,1100.5,1300.5,Université Mohammed V de Rabat,Morocco,Africa,XL,CO,VH,A,3.7,601,3.3,601,1.5,701,4.5,701,3.8,701.0,2.6,701.0,77.7,367.0,70.1,158,2.9,701.0,42.056250000000006
1157,1100.5,1300.5,Université Paris-Nanterre,France,Europe,XL,FO,VH,A,11.4,601,2.6,601,3.3,701,2.5,701,8.6,701.0,1.4,701.0,56.9,665.0,29.1,426,1.6,701.0,42.056250000000006
1158,1100.5,1100.5,Universiti Malaysia Sabah (UMS),Malaysia,Asia,L,FC,HI,A,14.7,592,8.9,601,8.5,701,3.7,701,10.2,701.0,4.7,701.0,28.2,701.0,3.8,701,1.4,701.0,42.056250000000006
1159,1100.5,1100.5,Universiti Malaysia Sarawak (UNIMAS),Malaysia,Asia,M,FC,HI,A,13.2,601,7.3,601,13.1,701,3.2,701,34.8,461.0,10.5,701.0,28.9,701.0,3.7,701,9.1,686.0,42.056250000000006
1160,1100.5,1100.5,Universiti Malaysia Terengganu (UMT),Malaysia,Asia,M,FO,VH,A,10.5,601,4.3,601,12.0,701,12.2,685,11.1,701.0,12.1,676.0,50.2,701.0,3.7,701,18.2,553.0,42.056250000000006
1161,1100.5,1100.5,Universiti Tun Hussein Onn University of Malaysia (UTHM),Malaysia,Asia,L,CO,VH,A,10.3,601,6.2,601,9.9,701,8.6,701,6.3,701.0,6.5,701.0,43.8,701.0,3.8,701,10.3,658.0,42.056250000000006
1162,1100.5,1100.5,University of Arkansas Fayetteville ,United States,Americas,L,CO,VH,A,5.8,601,3.5,601,6.3,701,11.9,696,4.8,701.0,3.0,701.0,51.6,701.0,15.4,646,3.8,701.0,42.056250000000006
1163,1100.5,1100.5,University of Derby,United Kingdom,Europe,L,CO,HI,A,4.8,601,4.8,601,10.7,701,5.1,701,29.1,501.0,45.5,322.0,45.7,701.0,2.1,701,2.4,701.0,42.056250000000006
1165,1100.5,1100.5,University of Hradec Kralove,Czech Republic,Europe,M,FO,VH,A,5.0,601,2.5,601,22.4,626,5.4,701,51.4,361.0,3.2,701.0,41.3,701.0,4.2,701,1.0,701.0,42.056250000000006
1167,1100.5,1100.5,University of Idaho,United States,Americas,M,CO,VH,A,3.1,601,1.4,601,9.9,701,32.6,403,4.6,701.0,5.9,701.0,32.5,701.0,3.5,701,3.4,701.0,42.056250000000006
1169,1100.5,1100.5,University of Karachi,Pakistan,Asia,XL,CO,HI,A,11.6,601,16.1,529,1.6,701,4.9,701,3.5,701.0,1.1,701.0,36.8,701.0,42.8,299,1.2,701.0,42.056250000000006
1170,1100.5,1300.5,University of Khartoum,Sudan,Africa,L,FC,MD,A,6.1,601,4.0,601,6.7,701,2.6,701,30.62604242867593,530.4498902706657,1.4,701.0,45.0,701.0,74.1,143,1.0,701.0,42.056250000000006
1172,1100.5,1100.5,University of Louisville,United States,Americas,L,FC,HI,A,3.5,601,3.2,601,30.5,513,7.7,701,24.8,539.0,3.2,701.0,59.0,644.0,5.1,701,2.4,701.0,42.056250000000006
1173,1100.5,825.5,University of Massachusetts Boston,United States,Americas,L,FO,VH,A,11.0,601,7.7,601,9.8,701,19.7,558,4.5,701.0,14.8,629.0,32.2,701.0,2.9,701,8.4,698.0,42.056250000000006
1174,1100.5,1100.5,"University of Missouri, Kansas City",United States,Americas,M,CO,VH,A,4.4,601,4.4,601,14.3,701,16.9,606,4.1,701.0,20.0,542.0,29.3,701.0,6.6,701,1.8,701.0,42.056250000000006
1175,1100.5,1100.5,University of Naples Parthenope,Italy,Europe,M,FO,VH,A,3.8,601,1.9,601,3.3,701,42.4,325,1.7,701.0,2.1,701.0,30.8,701.0,1.7,701,3.0,701.0,42.056250000000006
1176,1100.5,975.5,University of New England Australia,Australia,Oceania,L,CO,VH,A,10.7,601,7.2,601,3.7,701,14.7,641,4.6,701.0,3.3,701.0,62.9,587.0,9.8,701,10.8,650.0,42.056250000000006
1177,1100.5,1100.5,University of New Hampshire,United States,Americas,L,CO,VH,A,5.0,601,4.1,601,12.2,701,16.9,605,7.0,701.0,2.5,701.0,41.7,701.0,7.1,701,5.5,701.0,42.056250000000006
1178,1100.5,1100.5,University of North Carolina at Charlotte,United States,Americas,L,CO,VH,A,5.1,601,5.8,601,5.0,701,13.4,662,8.7,701.0,6.2,701.0,65.0,556.0,7.8,701,4.2,701.0,42.056250000000006
1179,1100.5,1100.5,University of North Texas,United States,Americas,XL,FC,HI,A,6.9,601,5.0,601,3.1,701,17.2,595,3.5,701.0,24.8,480.0,58.0,656.0,21.1,544,3.8,701.0,42.056250000000006
1180,1100.5,1100.5,University of Novi Sad,Serbia,Europe,XL,FC,HI,A,8.4,601,5.9,601,8.8,701,3.6,701,30.62604242867593,530.4498902706657,25.733759772565744,531.8550106609808,79.4,334.0,21.3,538,1.2,701.0,42.056250000000006
1181,1100.5,1100.5,University of Rhode Island ,United States,Americas,L,CO,VH,A,5.6,601,3.5,601,6.7,701,16.2,618,5.2,701.0,2.6,701.0,48.9,701.0,11.8,701,54.1,294.0,42.056250000000006
1182,1100.5,1300.5,University of Sarajevo ,Bosnia and Herzegovina,Europe,L,CO,HI,A,4.4,601,1.6,601,4.6,701,1.9,701,30.62604242867593,530.4498902706657,2.8,701.0,46.5,701.0,83.6,107,1.0,701.0,42.056250000000006
1183,1100.5,975.5,University of Seoul ,South Korea,Asia,M,CO,VH,A,11.0,601,9.7,601,36.7,436,8.8,701,5.5,701.0,6.9,701.0,24.0,701.0,5.3,701,4.9,701.0,42.056250000000006
1185,1100.5,1100.5,University of Texas at San Antonio,United States,Americas,L,FO,VH,A,6.0,601,3.0,601,3.9,701,22.8,522,8.8,701.0,2.7,701.0,60.5,629.0,5.1,701,3.8,701.0,42.056250000000006
1186,1100.5,1100.5,University of Texas El Paso ,United States,Americas,L,FO,VH,A,4.4,601,2.6,601,5.7,701,14.2,650,9.0,701.0,5.3,701.0,66.2,535.0,3.0,701,2.9,701.0,42.056250000000006
1187,1100.5,1100.5,University of the Free State,South Africa,Africa,L,FO,VH,A,6.1,601,5.8,601,3.4,701,8.8,701,30.62604242867593,530.4498902706657,4.4,701.0,92.4,130.0,11.6,701,1.7,701.0,42.056250000000006
1188,1100.5,1100.5,University of the Sunshine Coast ,Australia,Oceania,L,CO,HI,A,3.6,601,1.9,601,2.6,701,25.2,496,2.7,701.0,16.4,598.0,48.3,701.0,1.6,701,6.5,701.0,42.056250000000006
1189,1100.5,1100.5,University of Toledo,United States,Americas,L,FC,HI,A,3.7,601,3.0,601,9.6,701,18.2,582,6.0,701.0,10.4,701.0,45.4,701.0,7.7,701,1.7,701.0,42.056250000000006
1190,1100.5,1100.5,University of Tulsa,United States,Americas,S,CO,VH,B,3.2,601,2.1,601,35.1,450,11.5,701,7.0,701.0,17.8,581.0,20.4,701.0,13.7,701,1.1,701.0,42.056250000000006
1191,1100.5,925.5,University of Vermont,United States,Americas,L,FC,HI,A,3.1,601,2.2,601,34.9,456,15.6,628,6.8,701.0,2.4,701.0,62.8,590.0,9.5,701,8.1,701.0,42.056250000000006
1192,1100.5,1300.5,University of Warmia and Mazury in Olsztyn,Poland,Europe,L,FO,VH,A,6.9,601,8.9,601,28.6,539,3.7,701,2.0,701.0,2.7,701.0,40.6,701.0,3.2,701,7.1,701.0,42.056250000000006
1193,1100.5,1100.5,University of Wolverhampton,United Kingdom,Europe,L,CO,HI,A,3.2,601,2.7,601,10.2,701,8.3,701,33.3,475.0,69.2,214.0,45.7,701.0,4.7,701,1.3,701.0,42.056250000000006
1194,1100.5,1100.5,University of Wyoming,United States,Americas,M,CO,VH,A,3.2,601,1.6,601,28.4,545,21.1,542,6.8,701.0,4.0,701.0,52.2,701.0,6.5,701,3.6,701.0,42.056250000000006
1195,1100.5,1100.5,University of Žilina,Slovakia,Europe,M,FO,VH,A,6.6,601,1.8,601,60.1,239,6.6,701,2.0,701.0,6.0,701.0,19.3,701.0,4.6,701,1.0,701.0,42.056250000000006
1196,1100.5,1100.5,Utah State University ,United States,Americas,L,CO,VH,A,6.2,601,2.0,601,5.4,701,22.4,527,1.1,701.0,1.6,701.0,54.7,700.0,7.6,701,7.4,701.0,42.056250000000006
1197,1100.5,1100.5,VSB - Technical University of Ostrava,Czech Republic,Europe,M,FO,VH,A,6.0,601,10.5,601,18.6,701,4.7,701,11.3,701.0,28.3,442.0,50.2,701.0,3.9,701,4.6,701.0,42.056250000000006
1198,1100.5,1100.5,Warsaw University of Life Sciences – SGGW (WULS-SGGW),Poland,Europe,L,FO,VH,A,6.6,601,4.4,601,18.8,701,6.8,701,2.3,701.0,6.4,701.0,74.4,416.0,3.0,701,6.9,701.0,42.056250000000006
1199,1100.5,925.5,West Virginia University,United States,Americas,L,FC,VH,A,5.6,601,4.7,601,12.8,701,18.5,575,5.8,701.0,4.2,701.0,66.7,528.0,14.3,686,6.7,701.0,42.056250000000006
1200,1100.5,1100.5,Xi'an Jiaotong Liverpool University,China (Mainland),Asia,L,CO,HI,B,4.2,601,1.9,601,6.2,701,5.6,701,94.8,151.0,2.8,701.0,37.8,701.0,1.5,701,1.5,701.0,42.056250000000006
1201,1100.5,975.5,Yokohama National University,Japan,Asia,M,CO,VH,A,9.3,601,16.4,519,18.3,701,6.6,701,10.1,701.0,7.8,701.0,26.5,701.0,17.8,603,2.8,701.0,42.056250000000006
1202,1300.5,1401.0,Al-Balqa Applied University,Jordan,Asia,L,FC,HI,A,5.8,601,6.6,601,4.8,701,2.7,701,7.6,701.0,2.5,701.0,32.9,701.0,3.9,701,6.7,701.0,42.056250000000006
1203,1300.5,1300.5,Alexandru Ioan Cuza University,Romania,Europe,L,FO,VH,A,7.5,601,11.9,601,5.5,701,3.0,701,3.5,701.0,9.6,701.0,40.2,701.0,14.3,684,3.2,701.0,42.056250000000006
1204,1300.5,1300.5,Anadolu University,Turkey,Asia,L,FO,HI,A,4.9,601,3.9,601,13.1,701,2.6,701,1.8,701.0,2.9,701.0,17.5,701.0,13.9,697,1.0,701.0,42.056250000000006
1205,1300.5,1300.5,Aoyama Gakuin University,Japan,Asia,L,CO,MD,B,7.0,601,10.9,601,5.2,701,1.8,701,15.4,663.0,2.5,701.0,6.2,701.0,9.5,701,1.0,701.0,42.056250000000006
1206,1300.5,1401.0,Ataturk University,Turkey,Asia,XL,SP,VH,A,5.8,601,2.3,601,2.9,701,4.4,701,3.2,701.0,7.4,701.0,39.4,701.0,7.8,701,1.1,701.0,42.056250000000006
1207,1300.5,1300.5,Atma Jaya Catholic University Jakarta,Indonesia,Asia,M,FO,HI,C,6.8,601,7.7,601,8.7,701,1.3,701,3.4,701.0,1.2,701.0,7.5,701.0,18.0,601,1.1,701.0,42.056250000000006
1208,1300.5,1300.5,Bahauddin Zakariya University ,Pakistan,Asia,XL,CO,HI,A,6.0,601,6.2,601,1.8,701,14.6,644,30.62604242867593,530.4498902706657,1.0,701.0,44.6,701.0,4.1,701,1.0,701.0,42.056250000000006
1209,1300.5,1100.5,Beijing Foreign Studies University,China (Mainland),Asia,M,SP,VH,A,5.7,601,2.9,601,25.9,574,1.5,701,19.6,606.0,25.8,468.0,3.4,701.0,7.4,701,1.0,701.0,42.056250000000006
1210,1300.5,1100.5,Beijing University of Chinese Medicine,China (Mainland),Asia,M,FO,VH,A,4.4,601,1.6,601,37.2,431,9.4,701,30.62604242867593,530.4498902706657,8.8,701.0,7.1,701.0,3.0,701,1.0,701.0,42.056250000000006
1211,1300.5,1300.5,Belarusian State University of Informatics and Radioelectronics,Belarus,Europe,M,SP,MD,A,6.6,601,17.1,500,15.3,701,1.2,701,1.1,701.0,9.3,701.0,7.4,701.0,5.9,701,25.072377622377623,529.6944055944056,42.056250000000006
1212,1300.5,1300.5,Benemérita Universidad Autónoma de Puebla,Mexico,Americas,XL,FC,HI,A,13.7,601,5.4,601,2.8,701,1.9,701,2.8,701.0,1.3,701.0,24.5,701.0,2.0,701,1.2,701.0,42.056250000000006
1213,1300.5,1300.5,Birzeit university,"Palestinian Territory, Occupied",Asia,M,CO,HI,B,7.6,601,7.1,601,4.7,701,2.8,701,13.4,697.0,4.0,701.0,20.4,701.0,23.2,489,1.0,701.0,42.056250000000006
1214,1300.5,1300.5,British University in Egypt,Egypt,Africa,M,CO,HI,C,6.0,601,5.5,601,25.7,578,2.3,701,2.6,701.0,2.6,701.0,12.0,701.0,2.6,701,1.0,701.0,42.056250000000006
1215,1300.5,1300.5,Brock University,Canada,Americas,M,CO,VH,A,4.0,601,6.3,601,3.0,701,13.7,658,2.1,701.0,23.8,493.0,30.9,701.0,5.2,701,2.7,701.0,42.056250000000006
1216,1300.5,1300.5,Central Michigan University,United States,Americas,L,FC,HI,A,3.6,601,3.4,601,8.2,701,6.5,701,2.4,701.0,6.9,701.0,23.4,701.0,7.7,701,1.2,701.0,42.056250000000006
1217,1300.5,1300.5,Chaoyang University of Technology,Taiwan,Asia,L,FO,VH,C,5.5,601,5.8,601,4.3,701,3.9,701,5.6,701.0,5.9,701.0,26.5,701.0,2.0,701,4.3,701.0,42.056250000000006
1218,1300.5,1300.5,China University of Political Science and Law,China (Mainland),Asia,L,FO,MD,A,2.7,601,37.6,251,8.0,701,1.2,701,3.7,701.0,1.5,701.0,6.1,701.0,5.8,701,1.0,701.0,42.056250000000006
1219,1300.5,1300.5,Chitkara University,India,Asia,L,CO,HI,B,6.1,601,7.4,601,15.9,701,2.2,701,5.5,701.0,3.0,701.0,29.4,701.0,1.9,701,3.3,701.0,42.056250000000006
1220,1300.5,1300.5,Chittagong University of Engineering and Technology,Bangladesh,Asia,S,FO,VH,A,8.9,601,12.4,601,8.3,701,5.1,701,1.4,701.0,25.733759772565744,531.8550106609808,6.7,701.0,4.2,701,1.0,701.0,42.056250000000006
1221,1300.5,1300.5,Cleveland State University,United States,Americas,M,CO,HI,A,4.1,601,3.1,601,9.2,701,4.0,701,4.0,701.0,26.2,462.0,16.7,701.0,7.3,701,1.0,701.0,42.056250000000006
1222,1300.5,1401.0,Cukurova University,Turkey,Asia,XL,FC,HI,A,4.9,601,3.8,601,5.2,701,2.6,701,1.9,701.0,3.3,701.0,46.2,701.0,7.6,701,2.9,701.0,42.056250000000006
1223,1300.5,1300.5,CUNY The City College of New York,United States,Americas,M,FC,HI,A,7.2,601,3.0,601,11.9,701,11.3,701,6.7,701.0,4.7,701.0,24.8,701.0,1.5,701,2.5,701.0,42.056250000000006
1224,1300.5,1300.5,Daffodil International University,Bangladesh,Asia,L,FO,VH,B,9.5,601,19.8,458,3.8,701,2.8,701,5.0,701.0,2.9,701.0,22.0,701.0,3.7,701,3.4,701.0,42.056250000000006
1225,1300.5,1300.5,Damascus University,Syrian Arab Republic,Asia,XL,FC,MD,A,6.1,601,3.7,601,1.4,701,1.2,701,4.0,701.0,6.0,701.0,18.4,701.0,90.2,76,1.1,701.0,42.056250000000006
1226,1300.5,1300.5,Dokuz Eylül Üniversitesi,Turkey,Asia,XL,FC,HI,A,6.8,601,7.8,601,3.5,701,2.1,701,2.5,701.0,10.7,701.0,34.7,701.0,6.0,701,18.8,548.0,42.056250000000006
1227,1300.5,1100.5,Doshisha University,Japan,Asia,L,CO,HI,B,8.6,601,11.4,601,5.2,701,1.8,701,17.6,631.0,3.7,701.0,18.7,701.0,19.1,576,1.0,701.0,42.056250000000006
1228,1300.5,1300.5,Erciyes Üniversitesi,Turkey,Asia,XL,FC,HI,A,4.4,601,3.0,601,2.0,701,5.3,701,3.1,701.0,5.7,701.0,45.1,701.0,1.7,701,8.8,692.0,42.056250000000006
1229,1300.5,1100.5,Escuela Politécnica Nacional,Ecuador,Americas,M,FO,VH,A,6.9,601,9.2,601,16.6,701,3.4,701,5.0,701.0,1.6,701.0,14.9,701.0,5.0,701,1.3,701.0,42.056250000000006
1230,1300.5,1300.5,Feng Chia University,Taiwan,Asia,L,FO,VH,C,10.8,601,7.9,601,4.4,701,6.1,701,3.4,701.0,4.4,701.0,11.2,701.0,15.5,643,16.7,566.0,42.056250000000006
1231,1300.5,1300.5,Florida Atlantic University - Boca Raton,United States,Americas,L,FC,HI,A,4.7,601,6.2,601,4.9,701,9.5,701,6.8,701.0,4.4,701.0,44.3,701.0,5.8,701,4.5,701.0,42.056250000000006
1232,1300.5,1300.5,Fu Jen Catholic University,Taiwan,Asia,L,FC,HI,B,7.6,601,6.9,601,3.6,701,7.0,701,7.6,701.0,4.2,701.0,16.1,701.0,27.1,442,4.0,701.0,42.056250000000006
1234,1300.5,1300.5,German University in Cairo,Egypt,Africa,L,CO,HI,B,8.3,601,15.2,552,7.0,701,2.2,701,13.4,698.0,1.1,701.0,12.8,701.0,4.4,701,1.0,701.0,42.056250000000006
1235,1300.5,1300.5,Hanoi University of Science and Technology,Vietnam,Asia,XL,FO,VH,A,7.3,601,7.3,601,2.4,701,4.7,701,4.2,701.0,1.2,701.0,23.1,701.0,23.1,493,3.4,701.0,42.056250000000006
1236,1300.5,1100.5,Harper Adams University,United Kingdom,Europe,S,CO,HI,A,4.2,601,10.3,601,6.1,701,6.9,701,17.4,635.0,7.6,701.0,11.6,701.0,1.5,701,1.0,701.0,42.056250000000006
1237,1300.5,1300.5,Helwan University ,Egypt,Africa,XL,CO,HI,A,7.3,601,12.4,601,3.6,701,1.6,701,1.1,701.0,1.6,701.0,50.7,701.0,13.2,701,1.5,701.0,42.056250000000006
1238,1300.5,1300.5,Hongik University ,South Korea,Asia,L,FO,VH,C,4.2,601,5.6,601,9.8,701,3.0,701,16.0,651.0,9.6,701.0,14.2,701.0,4.8,701,1.0,701.0,42.056250000000006
1240,1300.5,1100.5,Instituto Tecnológico de Santo Domingo (INTEC),Dominican Republic,Americas,M,FO,MD,A,1.6,601,4.0,601,35.4,447,1.4,701,10.0,701.0,4.1,701.0,5.6,701.0,38.5,332,1.0,701.0,42.056250000000006
1241,1300.5,1300.5,Istanbul Aydin University  ,Turkey,Asia,L,CO,MD,B,4.9,601,3.0,601,12.3,701,1.4,701,6.7,701.0,52.1,282.0,7.3,701.0,2.1,701,1.1,701.0,42.056250000000006
1242,1300.5,1300.5,Istanbul Bilgi Üniversitesi,Turkey,Asia,M,FO,HI,B,4.9,601,4.3,601,13.3,701,1.7,701,3.5,701.0,20.2,536.0,6.5,701.0,13.3,701,2.2,701.0,42.056250000000006
1243,1300.5,1300.5,Ivan Franko National University of Lviv,Ukraine,Europe,L,CO,HI,A,5.7,601,12.8,601,30.2,519,1.3,701,1.3,701.0,1.5,701.0,12.6,701.0,18.6,591,2.0,701.0,42.056250000000006
1244,1300.5,1300.5,Izmir Institute of Technology (IZTECH),Turkey,Asia,M,CO,HI,A,7.2,601,4.4,601,5.8,701,8.2,701,3.2,701.0,2.1,701.0,15.5,701.0,2.1,701,1.6,701.0,42.056250000000006
1246,1300.5,1300.5,Jamia Hamdard,India,Asia,M,CO,VH,A,5.1,601,1.8,601,8.4,701,12.6,678,30.62604242867593,530.4498902706657,2.1,701.0,12.7,701.0,1.9,701,1.0,701.0,42.056250000000006
1247,1300.5,1300.5,Jeju National University ,South Korea,Asia,M,FC,VH,A,3.6,601,1.9,601,30.0,520,7.0,701,7.5,701.0,5.5,701.0,23.1,701.0,1.8,701,15.0,592.0,42.056250000000006
1248,1300.5,1100.5,Kazakh Ablai Khan University of International Relations and World Languages,Kazakhstan,Asia,M,SP,LO,A,7.7,601,9.0,601,40.4,386,1.0,701,6.6,701.0,4.1,701.0,1.0,701.0,3.4,701,25.072377622377623,529.6944055944056,42.056250000000006
1249,1300.5,1100.5,Kazan National Research Technological University,Russia,Europe,L,FO,VH,A,5.7,601,4.1,601,18.9,701,1.4,701,2.7,701.0,29.6,434.0,7.2,701.0,3.1,701,1.0,701.0,42.056250000000006
1251,1300.5,1300.5,Kharkiv National University of Radio Electronics ,Ukraine,Europe,M,FO,VH,A,3.9,601,12.3,601,21.6,643,1.5,701,1.4,701.0,5.1,701.0,11.9,701.0,4.1,701,1.4,701.0,42.056250000000006
1253,1300.5,1300.5,Khulna University of Engineering and Technology,Bangladesh,Asia,M,SP,HI,A,6.6,601,11.8,601,8.7,701,5.6,701,30.62604242867593,530.4498902706657,1.0,701.0,9.4,701.0,3.7,701,1.0,701.0,42.056250000000006
1254,1300.5,1300.5,Kindai University (Kinki University),Japan,Asia,XL,FC,HI,C,5.2,601,4.3,601,8.4,701,4.9,701,15.7,656.0,1.9,701.0,32.2,701.0,1.8,701,2.4,701.0,42.056250000000006
1255,1300.5,1300.5,King Mongkut\'s Institute of Technology Ladkrabang,Thailand,Asia,L,FO,VH,A,8.3,601,3.7,601,4.2,701,3.1,701,16.7,642.0,2.2,701.0,18.5,701.0,6.2,701,1.1,701.0,42.056250000000006
1256,1300.5,1300.5,King Mongkut's University of Technology North Bangkok,Thailand,Asia,L,FO,VH,A,8.5,601,4.9,601,4.1,701,3.3,701,2.8,701.0,1.1,701.0,23.5,701.0,2.5,701,1.1,701.0,42.056250000000006
1257,1300.5,1100.5,Kookmin University ,South Korea,Asia,L,CO,HI,C,3.6,601,4.0,601,35.3,449,2.9,701,4.9,701.0,31.1,419.0,7.9,701.0,2.9,701,2.9,701.0,42.056250000000006
1259,1300.5,1100.5,Kyoto Institute of Technology,Japan,Asia,S,FO,VH,A,6.1,601,3.9,601,14.4,701,11.7,701,11.1,701.0,9.0,701.0,9.3,701.0,1.9,701,1.1,701.0,42.056250000000006
1261,1300.5,1300.5,Marquette University,United States,Americas,M,CO,VH,B,3.4,601,2.4,601,21.1,654,9.1,701,6.2,701.0,2.7,701.0,35.6,701.0,11.2,701,1.2,701.0,42.056250000000006
1262,1300.5,1100.5,Meiji University,Japan,Asia,XL,CO,HI,C,6.7,601,19.2,467,4.4,701,1.6,701,10.5,701.0,4.6,701.0,13.4,701.0,17.3,615,1.1,701.0,42.056250000000006
1263,1300.5,1300.5,Mendeleev University of Chemical Technology,Russia,Europe,M,FO,VH,A,4.5,601,3.9,601,24.2,608,2.8,701,1.1,701.0,9.1,701.0,15.3,701.0,8.8,701,1.0,701.0,42.056250000000006
1264,1300.5,1300.5,Miami University,United States,Americas,L,CO,HI,A,3.8,601,5.4,601,6.2,701,7.8,701,3.4,701.0,5.5,701.0,25.3,701.0,26.1,453,2.2,701.0,42.056250000000006
1265,1300.5,1300.5,Moscow Pedagogical State University,Russia,Europe,L,FO,HI,A,7.8,601,3.6,601,7.2,701,1.3,701,1.2,701.0,23.8,494.0,6.8,701.0,1.8,701,1.0,701.0,42.056250000000006
1266,1300.5,1300.5,Nagoya Institute of Technology (NIT),Japan,Asia,M,SP,VH,A,5.7,601,2.6,601,7.5,701,14.5,645,5.1,701.0,4.1,701.0,18.3,701.0,6.0,701,1.0,701.0,42.056250000000006
1267,1300.5,1300.5,National Dong Hwa University,Taiwan,Asia,M,CO,HI,A,9.2,601,4.5,601,6.3,701,5.4,701,4.9,701.0,10.2,701.0,9.7,701.0,2.0,701,1.3,701.0,42.056250000000006
1268,1300.5,1300.5,National Research University Moscow Power Engineering Institute (MPEI),Russia,Europe,M,FO,VH,A,6.9,601,4.0,601,12.8,701,1.9,701,6.8,701.0,41.6,343.0,21.0,701.0,9.5,701,1.0,701.0,42.056250000000006
1269,1300.5,1300.5,National Taipei University,Taiwan,Asia,M,FO,HI,A,7.6,601,4.5,601,7.8,701,2.8,701,2.6,701.0,4.5,701.0,5.0,701.0,18.9,586,1.1,701.0,42.056250000000006
1270,1300.5,1300.5,National Taiwan Ocean University,Taiwan,Asia,M,FO,VH,A,6.0,601,3.2,601,11.9,701,10.8,701,7.5,701.0,7.6,701.0,22.6,701.0,3.3,701,17.5,560.0,42.056250000000006
1271,1300.5,1100.5,Novosibirsk State Technical University,Russia,Europe,M,FO,VH,A,6.0,601,6.4,601,27.6,553,1.7,701,1.4,701.0,41.7,342.0,8.4,701.0,5.7,701,1.0,701.0,42.056250000000006
1272,1300.5,1300.5,Óbuda University,Hungary,Europe,M,FO,VH,A,5.5,601,4.9,601,2.5,701,7.8,701,17.9,629.0,7.6,701.0,29.1,701.0,3.8,701,1.0,701.0,42.056250000000006
1273,1300.5,1100.5,Odessa I.I. Mechnikov National University,Ukraine,Europe,M,FO,VH,A,3.9,601,2.3,601,55.4,272,1.3,701,1.8,701.0,3.3,701.0,10.3,701.0,6.3,701,1.0,701.0,42.056250000000006
1274,1300.5,1300.5,OSMANIA UNIVERSITY,India,Asia,M,CO,VH,A,5.4,601,3.7,601,3.5,701,21.0,545,30.62604242867593,530.4498902706657,5.4,701.0,17.2,701.0,7.2,701,1.0,701.0,42.056250000000006
1275,1300.5,1300.5,Perm State National Research University,Russia,Europe,M,FO,VH,A,4.4,601,1.7,601,34.5,458,1.5,701,1.4,701.0,8.3,701.0,6.3,701.0,2.0,701,1.2,701.0,42.056250000000006
1276,1300.5,1300.5,Pondicherry University,India,Asia,M,CO,VH,A,4.1,601,2.1,601,5.4,701,16.5,616,1.9,701.0,1.1,701.0,21.1,701.0,2.7,701,5.8,701.0,42.056250000000006
1277,1300.5,1300.5,Pontificia Universidad Catolica Madre y Maestra,Dominican Republic,Americas,M,FC,MD,B,4.2,601,4.1,601,11.2,701,1.2,701,9.4,701.0,11.4,688.0,4.1,701.0,45.7,278,1.0,701.0,42.056250000000006
1278,1300.5,1300.5,Pontifícia Universidade Católica do Rio Grande do Sul (PUCRS),Brazil,Americas,M,FC,HI,B,6.3,601,3.9,601,12.3,701,9.4,701,2.6,701.0,1.7,701.0,30.5,701.0,9.2,701,1.1,701.0,42.056250000000006
1279,1300.5,1300.5,Portland State University,United States,Americas,L,CO,VH,A,4.1,601,1.7,601,9.3,701,9.2,701,1.6,701.0,6.1,701.0,44.4,701.0,9.7,701,6.8,701.0,42.056250000000006
1280,1300.5,1300.5,Pukyong National University ,South Korea,Asia,L,CO,VH,A,5.7,601,3.1,601,12.7,701,7.0,701,6.2,701.0,7.1,701.0,32.3,701.0,1.6,701,28.4,456.0,42.056250000000006
1282,1300.5,1300.5,Rikkyo University,Japan,Asia,L,FO,HI,C,4.0,601,9.6,601,8.2,701,2.1,701,23.7,552.0,5.6,701.0,13.7,701.0,5.8,701,1.2,701.0,42.056250000000006
1283,1300.5,1300.5,Saitama University,Japan,Asia,M,CO,VH,A,4.9,601,1.6,601,11.5,701,6.8,701,9.7,701.0,4.9,701.0,18.1,701.0,1.8,701,1.1,701.0,42.056250000000006
1284,1300.5,1300.5,Saken Seifullin Kazakh Agrotechnical University,Kazakhstan,Asia,M,FO,HI,B,9.7,601,9.3,601,27.8,550,1.2,701,10.1,701.0,4.2,701.0,2.6,701.0,3.4,701,2.0,701.0,42.056250000000006
1286,1300.5,1100.5,Sathyabama Institute of Science and Technology (deemed to be university),India,Asia,L,CO,VH,B,6.8,601,3.7,601,24.8,596,4.3,701,5.3,701.0,3.5,701.0,17.0,701.0,1.9,701,3.1,701.0,42.056250000000006
1287,1300.5,1300.5,Seattle University,United States,Americas,M,CO,HI,B,5.4,601,6.4,601,32.2,490,2.1,701,1.5,701.0,13.2,656.0,6.3,701.0,10.1,701,2.4,701.0,42.056250000000006
1288,1300.5,1100.5,Seoul National University of Science and Technology,South Korea,Asia,M,FO,VH,A,6.4,601,3.6,601,12.8,701,10.3,701,9.6,701.0,11.9,683.0,12.4,701.0,1.9,701,9.8,672.0,42.056250000000006
1290,1300.5,1100.5,Shanghai International Studies University,China (Mainland),Asia,L,SP,VH,A,4.9,601,2.9,601,16.7,701,1.8,701,26.9,518.0,27.3,454.0,5.4,701.0,5.2,701,1.0,701.0,42.056250000000006
1291,1300.5,1300.5,Shanghai University of Finance and Economics,China (Mainland),Asia,L,FO,VH,A,4.5,601,5.2,601,8.9,701,3.5,701,15.5,662.0,2.1,701.0,14.9,701.0,42.6,304,1.4,701.0,42.056250000000006
1292,1300.5,1300.5,Siksha 'O' Anusandhan (Deemed to be University),India,Asia,M,FO,VH,B,7.5,601,3.6,601,34.3,461,5.3,701,2.2,701.0,2.2,701.0,23.7,701.0,1.9,701,1.0,701.0,42.056250000000006
1293,1300.5,1300.5,Sookmyung Women's University ,South Korea,Asia,M,CO,HI,C,4.4,601,5.6,601,29.0,536,3.4,701,4.0,701.0,2.2,701.0,4.8,701.0,1.8,701,2.6,701.0,42.056250000000006
1294,1300.5,1300.5,Suez Canal University,Egypt,Africa,XL,FC,HI,A,4.1,601,2.6,601,13.1,701,2.3,701,2.1,701.0,1.8,701.0,48.9,701.0,2.4,701,8.3,700.0,42.056250000000006
1295,1300.5,1300.5,Suleyman Demirel University,Turkey,Asia,XL,FC,MD,A,7.1,601,5.3,601,3.9,701,2.4,701,1.7,701.0,4.6,701.0,27.3,701.0,2.0,701,1.0,701.0,42.056250000000006
1296,1300.5,1300.5,"Suleyman Demirel University, Kazakhstan",Kazakhstan,Asia,M,FO,MD,B,9.0,601,11.0,601,4.1,701,1.3,701,6.2,701.0,2.0,701.0,5.7,701.0,3.3,701,25.072377622377623,529.6944055944056,42.056250000000006
1297,1300.5,1300.5,Suranaree University of Technology ,Thailand,Asia,L,FC,HI,A,6.4,601,2.8,601,3.7,701,9.6,701,5.8,701.0,1.6,701.0,30.0,701.0,2.7,701,1.3,701.0,42.056250000000006
1298,1300.5,1300.5,Tamkang University,Taiwan,Asia,L,FO,VH,C,5.7,601,4.9,601,4.0,701,5.0,701,6.0,701.0,7.4,701.0,14.2,701.0,29.2,425,10.1,661.0,42.056250000000006
1299,1300.5,1300.5,Tanta University ,Egypt,Africa,XL,FC,HI,A,6.9,601,5.5,601,4.5,701,2.2,701,1.5,701.0,1.5,701.0,65.2,553.0,4.3,701,3.1,701.0,42.056250000000006
1300,1300.5,1300.5,Technical University of Cluj-Napoca,Romania,Europe,L,SP,VH,A,4.6,601,7.1,601,7.6,701,3.9,701,2.1,701.0,2.7,701.0,38.1,701.0,3.8,701,2.1,701.0,42.056250000000006
1301,1300.5,1100.5,Technical University of Liberec,Czech Republic,Europe,M,SP,VH,A,3.9,601,2.2,601,37.6,425,4.6,701,11.2,701.0,8.7,701.0,25.5,701.0,1.7,701,1.0,701.0,42.056250000000006
1302,1300.5,1300.5,Technical University of Lublin,Poland,Europe,M,FO,VH,A,5.8,601,2.1,601,18.4,701,3.7,701,30.62604242867593,530.4498902706657,10.2,701.0,12.9,701.0,3.1,701,1.0,701.0,42.056250000000006
1304,1300.5,1300.5,"The ""Gheorghe Asachi"" Technical University of Iasi",Romania,Europe,L,SP,VH,A,5.3,601,9.7,601,2.4,701,6.0,701,30.62604242867593,530.4498902706657,4.6,701.0,34.1,701.0,4.0,701,1.0,701.0,42.056250000000006
1305,1300.5,1300.5,The Herzen State Pedagogical University of Russia,Russia,Europe,L,FO,HI,A,3.8,601,2.0,601,20.1,670,1.2,701,1.4,701.0,41.1,348.0,12.7,701.0,5.5,701,1.0,701.0,42.056250000000006
1306,1300.5,1300.5,The Josip Juraj Strossmayer University of Osijek,Croatia,Europe,L,CO,HI,A,4.3,601,2.0,601,28.6,540,3.1,701,30.62604242867593,530.4498902706657,25.733759772565744,531.8550106609808,54.0,701.0,11.2,701,1.0,701.0,42.056250000000006
1307,1300.5,1300.5,"The National Research University ""Belgorod State University""",Russia,Europe,L,FC,HI,A,3.5,601,1.3,601,15.6,701,1.9,701,2.2,701.0,49.8,295.0,21.4,701.0,2.0,701,1.0,701.0,42.056250000000006
1308,1300.5,1100.5,Tokai University,Japan,Asia,L,FC,HI,B,10.5,601,5.8,601,13.6,701,2.8,701,5.6,701.0,2.9,701.0,24.5,701.0,1.8,701,1.3,701.0,42.056250000000006
1309,1300.5,1100.5,Tomas Bata University in Zlin,Czech Republic,Europe,M,CO,VH,A,4.5,601,8.4,601,9.3,701,5.5,701,23.6,553.0,18.8,568.0,25.8,701.0,4.0,701,1.1,701.0,42.056250000000006
1310,1300.5,1300.5,Toraighyrov University,Kazakhstan,Asia,M,FO,HI,A,8.5,601,4.8,601,17.8,701,1.2,701,6.8,701.0,3.1,701.0,3.9,701.0,3.3,701,1.0,701.0,42.056250000000006
1311,1300.5,1300.5,Transilvania University of Brasov,Romania,Europe,L,FC,HI,A,6.4,601,5.5,601,5.1,701,3.7,701,5.4,701.0,2.1,701.0,48.1,701.0,4.0,701,1.0,701.0,42.056250000000006
1312,1300.5,1300.5,Tunghai University,Taiwan,Asia,L,CO,HI,C,6.5,601,5.4,601,4.6,701,5.4,701,8.4,701.0,8.8,701.0,24.4,701.0,13.8,698,7.9,701.0,42.056250000000006
1313,1300.5,1100.5,Universidad Autónoma de Guadalajara (UAG),Mexico,Americas,M,FC,MD,C,6.5,601,3.8,601,19.6,684,1.1,701,37.9,426.0,23.0,502.0,2.1,701.0,2.0,701,25.072377622377623,529.6944055944056,42.056250000000006
1314,1300.5,1100.5,Universidad Autónoma del Estado de Hidalgo (UAEH),Mexico,Americas,XL,FC,MD,A,3.2,601,6.0,601,45.2,342,1.4,701,2.0,701.0,1.6,701.0,8.3,701.0,2.1,701,5.8,701.0,42.056250000000006
1315,1300.5,1300.5,Universidad Católica del Norte,Chile,Americas,M,FC,HI,B,4.5,601,2.3,601,6.7,701,5.9,701,13.5,694.0,3.8,701.0,46.2,701.0,2.0,701,8.5,696.0,42.056250000000006
1316,1300.5,1300.5,Universidad Central del Ecuador,Ecuador,Americas,L,FC,MD,A,8.1,601,3.6,601,11.3,701,1.2,701,30.62604242867593,530.4498902706657,25.733759772565744,531.8550106609808,10.1,701.0,20.9,548,1.0,701.0,42.056250000000006
1317,1300.5,1300.5,Universidad de Las Américas (UDLA) Ecuador,Ecuador,Americas,L,CO,MD,B,8.3,601,3.8,601,13.3,701,1.7,701,19.2,612.0,2.5,701.0,15.7,701.0,4.9,701,1.0,701.0,42.056250000000006
1318,1300.5,1100.5,Universidad de Monterrey (UDEM),Mexico,Americas,M,FO,HI,B,12.5,601,13.0,601,7.5,701,1.5,701,13.7,691.0,3.7,701.0,4.4,701.0,4.8,701,1.3,701.0,42.056250000000006
1319,1300.5,1100.5,Universidad de Oriente Santiago de Cuba,Cuba,Americas,L,FO,MD,A,8.4,601,5.2,601,29.8,524,1.1,701,30.62604242867593,530.4498902706657,25.733759772565744,531.8550106609808,7.3,701.0,5.0,701,1.0,701.0,42.056250000000006
1320,1300.5,1300.5,Universidad de Panama,Panama,Americas,XL,FO,MD,A,6.6,601,5.5,601,2.9,701,1.1,701,4.6,701.0,2.7,701.0,9.0,701.0,49.1,262,1.0,701.0,42.056250000000006
1321,1300.5,1300.5,Universidad de Piura,Peru,Americas,M,FO,HI,B,7.5,601,10.7,601,5.0,701,1.2,701,5.7,701.0,1.1,701.0,3.3,701.0,12.5,701,1.0,701.0,42.056250000000006
1322,1300.5,1300.5,Universidad de San Carlos de Guatemala - USAC,Guatemala,Americas,XL,FC,LO,A,10.2,601,3.9,601,4.7,701,1.0,701,30.62604242867593,530.4498902706657,25.733759772565744,531.8550106609808,9.4,701.0,56.0,221,1.0,701.0,42.056250000000006
1323,1300.5,1401.0,Universidad de Tarapaca,Chile,Americas,M,FO,VH,A,3.5,601,1.6,601,2.4,701,9.8,701,30.62604242867593,530.4498902706657,25.733759772565744,531.8550106609808,41.7,701.0,2.1,701,1.0,701.0,42.056250000000006
1324,1300.5,1300.5,Universidad de Valparaíso (UV),Chile,Americas,L,FC,HI,A,10.9,601,4.0,601,8.5,701,2.9,701,6.3,701.0,1.8,701.0,39.7,701.0,2.2,701,4.0,701.0,42.056250000000006
1325,1300.5,1300.5,Universidad del Bío-Bío,Chile,Americas,M,FO,VH,A,8.0,601,3.0,601,3.2,701,4.0,701,8.7,701.0,1.4,701.0,30.3,701.0,2.0,701,1.0,701.0,42.056250000000006
1326,1300.5,1300.5,Universidad del Desarrollo (UDD),Chile,Americas,L,CO,HI,B,7.2,601,8.6,601,11.7,701,2.3,701,7.3,701.0,2.0,701.0,14.7,701.0,4.9,701,5.1,701.0,42.056250000000006
1327,1300.5,1300.5,Universidad del Salvador,Argentina,Americas,M,FC,MD,B,3.7,601,5.8,601,19.9,676,1.0,701,4.9,701.0,7.4,701.0,1.2,701.0,16.2,633,25.072377622377623,529.6944055944056,42.056250000000006
1328,1300.5,1300.5,Universidad del Zulia,Venezuela,Americas,M,FC,MD,A,10.1,601,5.8,601,4.1,701,2.1,701,30.62604242867593,530.4498902706657,25.733759772565744,531.8550106609808,13.4,701.0,5.6,701,1.0,701.0,42.056250000000006
1329,1300.5,1100.5,Universidad Industrial de Santander - UIS,Colombia,Americas,L,FC,MD,A,9.7,601,14.8,564,4.6,701,2.1,701,4.1,701.0,1.4,701.0,12.4,701.0,9.0,701,1.3,701.0,42.056250000000006
1330,1300.5,1100.5,Universidad La Salle (ULSA),Mexico,Americas,M,FC,MD,C,4.5,601,15.0,559,22.3,630,1.1,701,2.2,701.0,1.6,701.0,1.0,701.0,4.8,701,1.0,701.0,42.056250000000006
1332,1300.5,1300.5,Universidad Mayor de San Andrés (UMSA),Bolivia,Americas,XL,FC,LO,A,6.3,601,2.8,601,1.2,701,1.6,701,6.4,701.0,1.0,701.0,15.1,701.0,49.6,257,1.0,701.0,42.056250000000006
1333,1300.5,1100.5,Universidad Metropolitana,Venezuela,Americas,M,CO,LO,B,7.6,601,15.1,555,4.4,701,1.1,701,4.4,701.0,1.6,701.0,1.1,701.0,25.9,456,25.072377622377623,529.6944055944056,42.056250000000006
1334,1300.5,1300.5,Universidad Nacional Agraria la Molina,Peru,Americas,M,FO,HI,A,7.0,601,6.4,601,12.4,701,1.6,701,1.3,701.0,1.7,701.0,9.4,701.0,6.7,701,1.5,701.0,42.056250000000006
1335,1300.5,1401.0,Universidad Nacional Autónoma de Honduras (UNAH),Honduras,Americas,XL,FC,LO,A,5.1,601,4.0,601,3.3,701,1.0,701,1.8,701.0,25.733759772565744,531.8550106609808,18.5,701.0,61.8,195,1.0,701.0,42.056250000000006
1337,1300.5,1300.5,Universidad Nacional de Mar del Plata,Argentina,Americas,L,CO,HI,A,8.6,601,2.8,601,4.9,701,3.5,701,30.62604242867593,530.4498902706657,25.733759772565744,531.8550106609808,28.5,701.0,1.2,701,1.2,701.0,42.056250000000006
1338,1300.5,1300.5,Universidad Nacional de Río Cuarto - UNRC,Argentina,Americas,L,CO,MD,A,4.1,601,1.6,601,33.2,477,1.4,701,30.62604242867593,530.4498902706657,25.733759772565744,531.8550106609808,10.7,701.0,1.3,701,1.0,701.0,42.056250000000006
1339,1300.5,1300.5,Universidad Nacional de San Martín (UNSAM),Argentina,Americas,L,CO,HI,A,11.3,601,2.7,601,6.2,701,2.2,701,1.6,701.0,3.7,701.0,24.5,701.0,1.2,701,1.1,701.0,42.056250000000006
1340,1300.5,1300.5,Universidad Nacional del Litoral,Argentina,Americas,XL,CO,HI,A,12.7,601,5.7,601,2.2,701,2.5,701,5.0,701.0,1.2,701.0,24.5,701.0,3.7,701,5.1,701.0,42.056250000000006
1341,1300.5,1401.0,Universidad Nacional del Sur,Argentina,Americas,L,FC,HI,A,6.7,601,2.0,601,17.8,701,1.7,701,30.62604242867593,530.4498902706657,25.733759772565744,531.8550106609808,27.2,701.0,2.9,701,1.2,701.0,42.056250000000006
1342,1300.5,1100.5,"Universidad Nacional, Costa Rica",Costa Rica,Americas,L,CO,MD,A,10.2,601,10.5,601,12.1,701,1.5,701,9.7,701.0,2.3,701.0,17.2,701.0,4.7,701,1.0,701.0,42.056250000000006
1343,1300.5,1100.5,Universidad Peruana de Ciencias Aplicadas,Peru,Americas,XL,FO,HI,B,11.3,601,22.6,415,3.0,701,1.1,701,13.6,693.0,1.5,701.0,8.0,701.0,3.9,701,1.1,701.0,42.056250000000006
1344,1300.5,1300.5,Universidade do Estado do Rio de Janeiro (UERJ),Brazil,Americas,XL,FC,HI,A,9.5,601,5.1,601,17.4,701,2.5,701,3.5,701.0,1.2,701.0,35.7,701.0,18.2,598,1.3,701.0,42.056250000000006
1345,1300.5,1300.5,Universidade Federal da Bahia,Brazil,Americas,XL,FC,HI,A,9.0,601,2.7,601,8.5,701,3.1,701,5.1,701.0,1.4,701.0,48.8,701.0,12.4,701,2.5,701.0,42.056250000000006
1346,1300.5,1300.5,Universidade Federal de Juiz de Fora- (UFJF),Brazil,Americas,L,CO,VH,A,3.8,601,2.0,601,30.3,517,2.8,701,30.62604242867593,530.4498902706657,25.733759772565744,531.8550106609808,35.2,701.0,1.3,701,1.0,701.0,42.056250000000006
1347,1300.5,1300.5,Universidade Federal de Pelotas ,Brazil,Americas,L,CO,VH,A,4.7,601,1.3,601,26.0,571,4.7,701,30.62604242867593,530.4498902706657,1.3,701.0,21.7,701.0,1.3,701,1.3,701.0,42.056250000000006
1348,1300.5,1300.5,Universidade Federal de Santa Maria,Brazil,Americas,L,FC,HI,A,6.4,601,1.5,601,17.5,701,5.2,701,2.5,701.0,1.4,701.0,37.9,701.0,6.3,701,11.5,632.0,42.056250000000006
1349,1300.5,1300.5,Universidade Federal de Viçosa (UFV),Brazil,Americas,L,FC,HI,A,5.1,601,2.4,601,10.9,701,7.8,701,2.4,701.0,1.9,701.0,20.2,701.0,3.8,701,1.3,701.0,42.056250000000006
1350,1300.5,1300.5,Universidade Federal do Ceará (UFC),Brazil,Americas,XL,FC,HI,A,7.4,601,2.8,601,6.3,701,5.3,701,1.3,701.0,1.2,701.0,43.4,701.0,3.7,701,2.0,701.0,42.056250000000006
1351,1300.5,1401.0,Universidade Federal do Rio Grande Do Norte,Brazil,Americas,XL,FC,HI,A,5.2,601,1.2,601,9.5,701,3.4,701,30.62604242867593,530.4498902706657,25.733759772565744,531.8550106609808,45.0,701.0,1.3,701,1.4,701.0,42.056250000000006
1352,1300.5,1300.5,Universidade Presbiteriana Mackenzie,Brazil,Americas,M,CO,HI,B,3.5,601,8.7,601,12.3,701,2.1,701,2.4,701.0,1.1,701.0,12.5,701.0,48.3,265,1.0,701.0,42.056250000000006
1353,1300.5,1300.5,Università degli studi di Bergamo,Italy,Europe,L,FO,VH,A,5.7,601,2.4,601,1.9,701,6.5,701,4.3,701.0,6.7,701.0,27.8,701.0,4.3,701,1.2,701.0,42.056250000000006
1354,1300.5,1300.5,Universitas Islam Indonesia,Indonesia,Asia,L,CO,HI,B,11.2,601,4.9,601,2.0,701,1.8,701,2.2,701.0,1.2,701.0,10.7,701.0,3.9,701,1.3,701.0,42.056250000000006
1355,1300.5,1300.5,Universitas Muhammadiyah Yogyakarta,Indonesia,Asia,L,FO,HI,B,6.6,601,2.8,601,3.2,701,1.4,701,57.9,331.0,1.9,701.0,7.9,701.0,2.3,701,1.2,701.0,42.056250000000006
1356,1300.5,1300.5,Universitas Pendidikan Indonesia,Indonesia,Asia,XL,FO,VH,A,10.9,601,4.1,601,12.0,701,1.4,701,13.2,701.0,1.6,701.0,13.1,701.0,2.3,701,3.3,701.0,42.056250000000006
1357,1300.5,1300.5,Universitas Sumatera Utara,Indonesia,Asia,XL,FC,HI,A,8.8,601,8.0,601,24.9,595,1.3,701,12.6,701.0,2.5,701.0,18.3,701.0,5.5,701,4.6,701.0,42.056250000000006
1358,1300.5,1300.5,Universitatea de Vest din Timisoara / West University of Timisoara,Romania,Europe,L,FO,HI,A,9.2,601,9.7,601,4.7,701,2.8,701,1.6,701.0,6.7,701.0,27.5,701.0,23.5,481,2.7,701.0,42.056250000000006
1360,1300.5,1300.5,Université Jean Moulin Lyon 3,France,Europe,L,SP,VH,A,8.8,601,5.2,601,1.8,701,2.3,701,18.7,615.0,30.2,427.0,8.5,701.0,4.4,701,1.0,701.0,42.056250000000006
1361,1300.5,1100.5,Universiti Kuala Lumpur (UniKL),Malaysia,Asia,L,FC,HI,C,6.0,601,5.3,601,32.7,483,2.2,701,7.4,701.0,3.9,701.0,17.3,701.0,3.9,701,1.0,701.0,42.056250000000006
1362,1300.5,1100.5,Universiti Malaysia Perlis,Malaysia,Asia,M,FO,VH,A,7.8,601,5.1,601,19.2,694,6.7,701,1.8,701.0,3.5,701.0,31.1,701.0,3.9,701,2.8,701.0,42.056250000000006
1363,1300.5,1300.5,Universiti Teknikal Malaysia Melaka,Malaysia,Asia,M,SP,VH,A,6.3,601,5.7,601,10.6,701,5.8,701,3.9,701.0,4.8,701.0,18.9,701.0,3.9,701,2.5,701.0,42.056250000000006
1364,1300.5,1300.5,University of Babylon,Iraq,Asia,L,FC,HI,A,4.6,601,9.8,601,14.5,701,2.0,701,1.1,701.0,1.0,701.0,29.9,701.0,4.3,701,1.2,701.0,42.056250000000006
1365,1300.5,1300.5,University of Basrah,Iraq,Asia,XL,FC,HI,A,5.5,601,9.3,601,18.4,701,1.4,701,1.3,701.0,1.1,701.0,33.7,701.0,10.0,701,1.0,701.0,42.056250000000006
1366,1300.5,1300.5,University of Bialystok,Poland,Europe,M,FO,VH,A,5.4,601,2.7,601,24.0,609,2.6,701,30.62604242867593,530.4498902706657,4.7,701.0,28.6,701.0,3.1,701,1.0,701.0,42.056250000000006
1367,1300.5,1300.5,University of International Business and Economics,China (Mainland),Asia,L,FO,HI,A,3.7,601,2.3,601,9.7,701,3.0,701,7.0,701.0,30.3,425.0,5.3,701.0,14.0,692,1.1,701.0,42.056250000000006
1368,1300.5,1401.0,University of Kragujevac,Serbia,Europe,L,FO,VH,A,3.9,601,3.0,601,8.5,701,3.7,701,1.0,701.0,1.1,701.0,44.1,701.0,9.3,701,1.0,701.0,42.056250000000006
1369,1300.5,1300.5,University of Kufa,Iraq,Asia,L,FC,HI,A,4.4,601,12.8,601,29.0,535,1.4,701,4.4,701.0,1.1,701.0,16.4,701.0,4.2,701,1.0,701.0,42.056250000000006
1370,1300.5,1300.5,University of Memphis,United States,Americas,L,CO,VH,A,3.1,601,2.5,601,12.1,701,8.0,701,2.2,701.0,8.3,701.0,39.4,701.0,7.6,701,2.1,701.0,42.056250000000006
1371,1300.5,1300.5,University of Miskolc ,Hungary,Europe,M,FO,VH,B,6.6,601,5.7,601,18.6,701,2.4,701,3.1,701.0,3.8,701.0,19.2,701.0,13.0,701,1.0,701.0,42.056250000000006
1372,1300.5,1300.5,University of Missouri Saint Louis,United States,Americas,M,SP,VH,A,4.2,601,4.2,601,12.3,701,10.5,701,3.4,701.0,3.1,701.0,9.8,701.0,7.7,701,1.0,701.0,42.056250000000006
1373,1300.5,1300.5,University of Niš,Serbia,Europe,L,FC,HI,A,5.0,601,5.5,601,12.5,701,2.4,701,30.62604242867593,530.4498902706657,5.7,701.0,49.0,701.0,4.0,701,1.0,701.0,42.056250000000006
1374,1300.5,1300.5,University of North Carolina at Greensboro,United States,Americas,L,CO,HI,A,2.6,601,2.4,601,8.9,701,10.1,701,5.9,701.0,3.4,701.0,50.7,701.0,1.5,701,1.6,701.0,42.056250000000006
1375,1300.5,1300.5,University of Ostrava,Czech Republic,Europe,M,FC,HI,A,6.3,601,1.1,601,15.6,701,3.6,701,27.7,509.0,16.6,592.0,27.0,701.0,2.9,701,1.0,701.0,42.056250000000006
1376,1300.5,1300.5,University of Pannonia,Hungary,Europe,S,FO,VH,A,4.2,601,4.0,601,22.0,637,8.5,701,3.3,701.0,8.3,701.0,44.7,701.0,4.0,701,1.0,701.0,42.056250000000006
1377,1300.5,1100.5,University of Pardubice,Czech Republic,Europe,M,FO,VH,A,4.5,601,2.3,601,44.5,348,3.1,701,9.7,701.0,8.8,701.0,18.7,701.0,1.7,701,1.0,701.0,42.056250000000006
1378,1300.5,1300.5,University of Peradeniya ,Sri Lanka,Asia,L,CO,HI,A,9.0,601,11.6,601,12.0,701,2.0,701,1.0,701.0,1.3,701.0,22.7,701.0,10.9,701,5.8,701.0,42.056250000000006
1379,1300.5,1100.5,University of Primorska,Slovenia,Europe,M,CO,HI,A,3.7,601,2.5,601,8.9,701,4.1,701,25.0,534.0,26.4,459.0,46.3,701.0,4.2,701,1.0,701.0,42.056250000000006
1380,1300.5,1300.5,University of Rijeka,Croatia,Europe,L,CO,HI,A,6.1,601,4.3,601,13.8,701,4.3,701,2.5,701.0,1.8,701.0,45.8,701.0,12.0,701,2.9,701.0,42.056250000000006
1381,1300.5,1300.5,University of Rzeszów,Poland,Europe,L,FC,HI,A,5.2,601,1.8,601,15.1,701,2.7,701,30.62604242867593,530.4498902706657,1.7,701.0,28.3,701.0,3.0,701,1.0,701.0,42.056250000000006
1382,1300.5,1300.5,University of San Diego,United States,Americas,M,CO,HI,B,6.2,601,7.0,601,25.5,581,2.7,701,3.1,701.0,6.8,701.0,5.5,701.0,12.2,701,1.0,701.0,42.056250000000006
1383,1300.5,1100.5,University of San Francisco,United States,Americas,M,CO,HI,B,5.9,601,4.4,601,18.7,701,3.6,701,2.3,701.0,20.2,534.0,6.0,701.0,29.5,422,1.2,701.0,42.056250000000006
1384,1300.5,1300.5,University of Silesia in Katowice,Poland,Europe,L,CO,VH,A,5.4,601,4.2,601,20.3,664,3.1,701,3.5,701.0,3.9,701.0,52.5,701.0,7.4,701,2.4,701.0,42.056250000000006
1385,1300.5,1300.5,University of South Alabama (USA),United States,Americas,M,CO,VH,A,4.7,601,5.9,601,19.0,700,6.1,701,30.62604242867593,530.4498902706657,2.1,701.0,13.6,701.0,2.3,701,1.2,701.0,42.056250000000006
1386,1300.5,1300.5,University of Split,Croatia,Europe,L,FC,HI,A,6.3,601,4.0,601,5.0,701,4.2,701,1.4,701.0,2.0,701.0,47.5,701.0,12.3,701,4.5,701.0,42.056250000000006
1388,1300.5,1300.5,University of the Pacific,United States,Americas,M,CO,HI,B,2.2,601,3.5,601,31.9,495,3.0,701,3.2,701.0,12.0,680.0,7.6,701.0,8.1,701,1.0,701.0,42.056250000000006
1389,1300.5,1100.5,University of Tyumen,Russia,Europe,M,FO,VH,A,3.6,601,2.1,601,37.1,432,1.6,701,4.5,701.0,13.8,645.0,27.0,701.0,4.5,701,1.3,701.0,42.056250000000006
1390,1300.5,1300.5,University of West Bohemia ,Czech Republic,Europe,M,FO,VH,A,5.6,601,2.1,601,10.9,701,3.8,701,30.62604242867593,530.4498902706657,25.733759772565744,531.8550106609808,37.2,701.0,5.2,701,1.0,701.0,42.056250000000006
1391,1300.5,1100.5,University of Wisconsin Milwaukee ,United States,Americas,L,FO,VH,A,7.6,601,2.4,601,9.7,701,9.8,701,5.7,701.0,5.1,701.0,39.5,701.0,6.8,701,4.5,701.0,42.056250000000006
1392,1300.5,1300.5,University POLITEHNICA of Bucharest,Romania,Europe,L,FO,VH,A,5.2,601,12.7,601,3.4,701,6.9,701,1.4,701.0,2.6,701.0,61.8,605.0,3.9,701,1.0,701.0,42.056250000000006
1394,1300.5,1300.5,Voronezh State University,Russia,Europe,L,CO,HI,A,5.4,601,2.7,601,21.8,641,1.3,701,3.0,701.0,21.4,523.0,12.1,701.0,3.0,701,1.0,701.0,42.056250000000006
1395,1300.5,1100.5,Western Michigan University,United States,Americas,L,FC,HI,A,4.9,601,4.9,601,10.0,701,5.8,701,21.4,580.0,10.6,701.0,33.3,701.0,16.5,625,1.6,701.0,42.056250000000006
1396,1300.5,1100.5,Yamaguchi University ,Japan,Asia,M,FC,HI,A,3.9,601,1.8,601,41.8,370,4.2,701,6.7,701.0,2.5,701.0,18.7,701.0,1.8,701,1.0,701.0,42.056250000000006
1397,1300.5,1300.5,Yogyakarta State University,Indonesia,Asia,L,FO,VH,A,11.7,601,3.3,601,8.7,701,1.4,701,13.5,695.0,1.7,701.0,8.6,701.0,2.3,701,1.0,701.0,42.056250000000006
1398,1300.5,1300.5,Youngsan University,South Korea,Asia,M,FO,MD,C,4.0,601,10.0,601,19.3,689,1.3,701,2.5,701.0,9.9,701.0,2.0,701.0,1.9,701,1.0,701.0,42.056250000000006
1399,1300.5,1300.5,Yuan Ze University,Taiwan,Asia,M,FO,VH,C,5.5,601,5.6,601,8.7,701,9.0,701,12.2,701.0,11.7,686.0,12.4,701.0,2.0,701,2.4,701.0,42.056250000000006
1400,1300.5,1300.5,Zagazig University,Egypt,Africa,XL,FC,HI,A,7.7,601,4.9,601,3.0,701,2.6,701,1.1,701.0,2.5,701.0,67.7,513.0,3.7,701,5.3,701.0,42.056250000000006
1401,1401.0,1300.5, Don State Technical University,Russia,Europe,L,CO,VH,A,3.5,601,3.5,601,12.8,701,1.4,701,1.6,701.0,14.9,626.0,11.4,701.0,1.9,701,1.0,701.0,42.056250000000006
1402,1401.0,1401.0,Akdeniz Üniversitesi,Turkey,Asia,XL,FO,VH,A,5.7,601,4.8,601,3.5,701,3.0,701,1.2,701.0,1.1,701.0,33.7,701.0,2.0,701,1.0,701.0,42.056250000000006
1403,1401.0,1300.5,California Polytechnic State University,United States,Americas,L,CO,HI,A,3.6,601,9.1,601,6.7,701,3.0,701,30.62604242867593,530.4498902706657,25.733759772565744,531.8550106609808,25.5,701.0,8.7,701,1.3,701.0,42.056250000000006
1404,1401.0,1401.0,California State University - Los Angeles,United States,Americas,L,CO,HI,A,5.2,601,3.3,601,3.8,701,2.9,701,3.6,701.0,2.3,701.0,14.9,701.0,5.5,701,1.0,701.0,42.056250000000006
1405,1401.0,1300.5,"California State University, Long Beach",United States,Americas,XL,CO,HI,A,3.7,601,4.1,601,4.8,701,2.9,701,2.6,701.0,3.4,701.0,16.4,701.0,1.7,701,1.0,701.0,42.056250000000006
1406,1401.0,1300.5,Católica de Córdoba,Argentina,Americas,M,FC,MD,B,5.3,601,2.6,601,17.1,701,1.1,701,3.6,701.0,3.6,701.0,2.3,701.0,4.6,701,1.0,701.0,42.056250000000006
1407,1401.0,1300.5,East West University,Bangladesh,Asia,L,FO,MD,B,6.8,601,12.8,601,2.8,701,2.4,701,1.4,701.0,1.0,701.0,7.4,701.0,3.9,701,1.1,701.0,42.056250000000006
1408,1401.0,1300.5,Fundación Universidad De Bogotá-Jorge Tadeo Lozano,Colombia,Americas,M,CO,MD,C,5.2,601,3.3,601,10.2,701,1.7,701,3.2,701.0,1.2,701.0,5.9,701.0,12.1,701,1.0,701.0,42.056250000000006
1409,1401.0,1401.0,Humboldt State University,United States,Americas,M,CO,HI,A,3.0,601,2.5,601,9.7,701,3.7,701,2.9,701.0,1.2,701.0,9.9,701.0,3.1,701,1.0,701.0,42.056250000000006
1412,1401.0,1300.5,Indiana State University,United States,Americas,M,CO,HI,A,6.2,601,4.4,601,8.5,701,3.0,701,1.7,701.0,2.2,701.0,4.2,701.0,6.8,701,1.0,701.0,42.056250000000006
1413,1401.0,1401.0,International University of Business Agriculture and Technology,Bangladesh,Asia,M,FO,HI,B,6.6,601,4.1,601,2.6,701,2.3,701,1.4,701.0,1.3,701.0,8.6,701.0,3.8,701,1.0,701.0,42.056250000000006
1414,1401.0,1401.0,Irkutsk State University,Russia,Europe,L,CO,HI,A,3.3,601,1.8,601,14.1,701,1.3,701,1.9,701.0,3.8,701.0,26.4,701.0,5.2,701,1.2,701.0,42.056250000000006
1415,1401.0,1300.5,Korkyt Ata Kyzylorda University,Kazakhstan,Asia,M,FO,MD,A,7.0,601,7.9,601,5.7,701,1.0,701,3.4,701.0,1.2,701.0,1.0,701.0,3.3,701,1.1,701.0,42.056250000000006
1416,1401.0,1300.5,Kwansei Gakuin University,Japan,Asia,L,CO,HI,B,4.1,601,5.1,601,5.0,701,2.4,701,21.9,570.0,3.4,701.0,13.0,701.0,7.7,701,1.0,701.0,42.056250000000006
1417,1401.0,1300.5,Lucian Blaga University of Sibiu,Romania,Europe,L,FC,MD,A,3.6,601,3.2,601,8.5,701,1.9,701,13.9,687.0,2.9,701.0,17.0,701.0,4.1,701,1.2,701.0,42.056250000000006
1418,1401.0,1300.5,M.Kh. Dulaty Taraz Regional University,Kazakhstan,Asia,L,CO,MD,A,7.6,601,2.7,601,12.0,701,1.0,701,1.1,701.0,6.7,701.0,2.6,701.0,3.1,701,1.1,701.0,42.056250000000006
1419,1401.0,1401.0,MIREA - Russian Technological University,Russia,Europe,L,FO,VH,A,5.5,601,7.0,601,6.6,701,1.4,701,1.3,701.0,3.3,701.0,9.5,701.0,5.2,701,1.0,701.0,42.056250000000006
1420,1401.0,1401.0,Moscow City University,Russia,Europe,L,FO,HI,A,7.1,601,1.9,601,10.7,701,1.1,701,2.7,701.0,3.3,701.0,2.5,701.0,1.9,701,1.0,701.0,42.056250000000006
1421,1401.0,1300.5,Naresuan University,Thailand,Asia,L,FC,MD,A,6.6,601,2.8,601,6.6,701,1.9,701,7.3,701.0,1.2,701.0,10.1,701.0,2.5,701,1.7,701.0,42.056250000000006
1422,1401.0,1300.5,National University of Life and Environmental Sciences of Ukraine,Ukraine,Europe,L,FO,VH,A,5.8,601,3.9,601,15.8,701,1.4,701,1.2,701.0,1.2,701.0,20.0,701.0,3.7,701,1.0,701.0,42.056250000000006
1425,1401.0,1401.0,Pontifícia Universidade Católica de Minas Gerais – PUC Minas,Brazil,Americas,XL,FO,HI,B,4.9,601,4.6,601,1.9,701,1.5,701,1.9,701.0,1.1,701.0,8.3,701.0,9.4,701,1.0,701.0,42.056250000000006
1426,1401.0,1401.0,Pontificia Universidade Católica do Campinas - PUC Campinas,Brazil,Americas,M,CO,MD,C,4.2,601,3.8,601,7.0,701,2.0,701,1.8,701.0,1.2,701.0,2.3,701.0,1.9,701,1.0,701.0,42.056250000000006
1427,1401.0,1401.0,Pontifícia Universidade Católica do Paraná,Brazil,Americas,M,FC,HI,B,4.1,601,2.9,601,7.6,701,3.9,701,1.8,701.0,1.3,701.0,28.9,701.0,3.9,701,1.4,701.0,42.056250000000006
1428,1401.0,1300.5,Russian State Agrarian University - Moscow Timiryazev Agricultural Academy,Russia,Europe,L,FO,HI,A,7.0,601,4.1,601,6.4,701,1.3,701,1.9,701.0,4.4,701.0,9.0,701.0,5.6,701,1.2,701.0,42.056250000000006
1429,1401.0,1300.5,Russian State University for the Humanities ,Russia,Europe,M,FO,VH,A,5.1,601,2.6,601,14.2,701,1.2,701,1.8,701.0,4.0,701.0,7.5,701.0,3.3,701,1.0,701.0,42.056250000000006
1430,1401.0,1401.0,Sakarya University,Turkey,Asia,XL,FC,HI,A,4.6,601,3.1,601,3.1,701,3.3,701,1.4,701.0,11.3,691.0,27.6,701.0,1.9,701,2.7,701.0,42.056250000000006
1431,1401.0,1300.5,Shanghai Normal University,China (Mainland),Asia,XL,CO,HI,A,5.0,601,1.6,601,10.9,701,4.3,701,4.5,701.0,1.6,701.0,26.5,701.0,1.5,701,1.3,701.0,42.056250000000006
1432,1401.0,1300.5,Shibaura Institute of Technology,Japan,Asia,M,FO,VH,B,4.5,601,2.5,601,3.1,701,5.1,701,13.0,701.0,8.7,701.0,14.5,701.0,1.8,701,1.0,701.0,42.056250000000006
1433,1401.0,1300.5,Silpakorn University,Thailand,Asia,L,CO,HI,A,6.3,601,5.4,601,4.4,701,2.8,701,4.3,701.0,1.2,701.0,24.7,701.0,2.5,701,1.0,701.0,42.056250000000006
1434,1401.0,1401.0,Soochow University (Taiwan),Taiwan,Asia,L,FO,HI,C,4.7,601,5.3,601,4.1,701,1.8,701,3.8,701.0,2.9,701.0,3.4,701.0,3.2,701,1.8,701.0,42.056250000000006
1435,1401.0,1300.5,Soongsil University,South Korea,Asia,L,CO,HI,C,3.5,601,6.0,601,8.3,701,4.5,701,5.2,701.0,11.2,693.0,14.9,701.0,2.8,701,1.0,701.0,42.056250000000006
1437,1401.0,1401.0,State University of Malang,Indonesia,Asia,L,FO,VH,A,6.3,601,2.5,601,8.7,701,1.7,701,13.7,690.0,1.3,701.0,11.5,701.0,5.4,701,1.1,701.0,42.056250000000006
1438,1401.0,1300.5,Stefan cel Mare University of Suceava,Romania,Europe,M,CO,HI,A,3.8,601,2.4,601,4.5,701,4.2,701,2.3,701.0,25.5,472.0,19.3,701.0,4.1,701,1.9,701.0,42.056250000000006
1439,1401.0,1401.0,"The University of Notre Dame, Australia",Australia,Oceania,M,FO,VH,B,3.0,601,3.7,601,3.5,701,7.2,701,21.4,579.0,2.2,701.0,10.6,701.0,1.7,701,1.0,701.0,42.056250000000006
1440,1401.0,1401.0,Udayana University,Indonesia,Asia,XL,FC,MD,A,6.4,601,4.7,601,5.7,701,1.4,701,7.4,701.0,3.4,701.0,12.3,701.0,3.7,701,1.0,701.0,42.056250000000006
1441,1401.0,1300.5,United International University,Bangladesh,Asia,M,CO,MD,C,6.3,601,8.7,601,3.0,701,2.5,701,30.62604242867593,530.4498902706657,1.1,701.0,8.8,701.0,3.9,701,1.0,701.0,42.056250000000006
1442,1401.0,1300.5,Universidad Alberto Hurtado,Chile,Americas,M,CO,HI,B,8.6,601,4.2,601,3.1,701,2.8,701,12.7,701.0,1.7,701.0,8.2,701.0,2.2,701,1.0,701.0,42.056250000000006
1443,1401.0,1300.5,Universidad Autónoma de Aguascalientes,Mexico,Americas,L,FC,MD,A,3.1,601,1.6,601,32.5,485,1.2,701,30.62604242867593,530.4498902706657,25.733759772565744,531.8550106609808,10.8,701.0,1.6,701,1.0,701.0,42.056250000000006
1444,1401.0,1300.5,Universidad Autónoma de Baja California,Mexico,Americas,XL,CO,HI,A,6.6,601,4.4,601,4.4,701,1.5,701,2.6,701.0,1.1,701.0,12.5,701.0,2.1,701,7.5,701.0,42.056250000000006
1445,1401.0,1401.0,Universidad Autónoma de Chile,Chile,Americas,XL,FO,HI,B,5.3,601,2.0,601,4.2,701,3.1,701,12.4,701.0,1.4,701.0,32.6,701.0,2.1,701,2.8,701.0,42.056250000000006
1446,1401.0,1401.0,Universidad Autónoma de Querétaro (UAQ),Mexico,Americas,L,FC,MD,A,4.4,601,2.4,601,6.0,701,2.1,701,3.8,701.0,1.5,701.0,7.3,701.0,2.0,701,1.0,701.0,42.056250000000006
1447,1401.0,1401.0,Universidad Autónoma de San Luis de Potosí,Mexico,Americas,XL,FC,MD,A,5.9,601,1.8,601,5.4,701,2.4,701,1.6,701.0,1.3,701.0,21.4,701.0,1.6,701,1.1,701.0,42.056250000000006
1448,1401.0,1401.0,Universidad Autonoma de Yucatan,Mexico,Americas,L,CO,HI,A,5.5,601,1.5,601,4.9,701,2.4,701,2.2,701.0,1.1,701.0,10.1,701.0,1.6,701,1.0,701.0,42.056250000000006
1449,1401.0,1401.0,Universidad Autónoma del Estado de Morelos (UAEM),Mexico,Americas,L,FC,MD,A,3.5,601,1.8,601,15.5,701,1.6,701,2.6,701.0,1.2,701.0,17.4,701.0,1.9,701,1.0,701.0,42.056250000000006
1450,1401.0,1300.5,Universidad Bernardo O'Higgins,Chile,Americas,M,FO,VH,B,4.6,601,4.3,601,9.9,701,2.0,701,13.3,701.0,2.1,701.0,13.1,701.0,2.2,701,1.0,701.0,42.056250000000006
1451,1401.0,1401.0,"Universidad Católica Boliviana ""San Pablo""",Bolivia,Americas,L,FO,MD,B,3.9,601,2.9,601,4.2,701,1.1,701,2.3,701.0,2.7,701.0,7.7,701.0,26.2,452,1.0,701.0,42.056250000000006
1452,1401.0,1401.0,Universidad Católica de Colombia ,Colombia,Americas,M,FO,HI,B,6.1,601,3.2,601,5.1,701,1.6,701,3.3,701.0,1.1,701.0,5.0,701.0,2.3,701,1.0,701.0,42.056250000000006
1453,1401.0,1401.0,Universidad Católica de La Santísima Concepción - UCSC,Chile,Americas,M,FC,HI,B,3.4,601,2.1,601,8.2,701,2.8,701,5.2,701.0,1.1,701.0,28.3,701.0,2.0,701,1.2,701.0,42.056250000000006
1454,1401.0,1401.0,Universidad Católica de Santiago de Guayaquil,Ecuador,Americas,L,FO,MD,B,4.5,601,3.4,601,1.3,701,1.5,701,16.7,641.0,1.2,701.0,10.3,701.0,16.6,622,1.0,701.0,42.056250000000006
1455,1401.0,1300.5,Universidad Católica de Temuco,Chile,Americas,M,CO,HI,B,4.1,601,1.4,601,2.0,701,4.8,701,35.1,456.0,25.733759772565744,531.8550106609808,14.3,701.0,2.0,701,1.1,701.0,42.056250000000006
1456,1401.0,1401.0,Universidad Central de Chile,Chile,Americas,L,FO,MD,C,4.4,601,2.4,601,3.0,701,1.7,701,4.6,701.0,1.8,701.0,9.4,701.0,2.0,701,1.0,701.0,42.056250000000006
1457,1401.0,1401.0,Universidad de Caldas,Colombia,Americas,L,FC,MD,A,4.9,601,2.4,601,3.5,701,1.5,701,30.62604242867593,530.4498902706657,25.733759772565744,531.8550106609808,6.5,701.0,2.1,701,1.0,701.0,42.056250000000006
1458,1401.0,1300.5,Universidad de Carabobo,Venezuela,Americas,L,FC,LO,A,4.7,601,6.1,601,17.4,701,1.0,701,30.62604242867593,530.4498902706657,25.733759772565744,531.8550106609808,3.1,701.0,5.4,701,1.0,701.0,42.056250000000006
1459,1401.0,1300.5,Universidad de Cartagena,Colombia,Americas,L,FC,MD,A,4.8,601,2.7,601,4.0,701,3.2,701,2.2,701.0,1.1,701.0,11.0,701.0,2.1,701,1.2,701.0,42.056250000000006
1460,1401.0,1300.5,Universidad de Córdoba - Colombia,Colombia,Americas,L,CO,MD,A,11.8,601,2.4,601,2.9,701,1.4,701,30.62604242867593,530.4498902706657,25.733759772565744,531.8550106609808,5.3,701.0,1.9,701,1.0,701.0,42.056250000000006
1461,1401.0,1401.0,Universidad de Cuenca,Ecuador,Americas,L,FC,MD,A,7.2,601,2.2,601,4.9,701,2.0,701,2.2,701.0,1.4,701.0,24.4,701.0,7.8,701,2.7,701.0,42.056250000000006
1462,1401.0,1300.5,Universidad de Guanajuato,Mexico,Americas,XL,CO,HI,A,7.1,601,2.1,601,5.0,701,2.8,701,5.9,701.0,1.3,701.0,22.9,701.0,6.8,701,1.1,701.0,42.056250000000006
1463,1401.0,1401.0,Universidad de La Salle,Colombia,Americas,M,FO,HI,B,6.0,601,3.9,601,6.4,701,1.3,701,2.9,701.0,1.3,701.0,5.0,701.0,2.2,701,1.0,701.0,42.056250000000006
1464,1401.0,1401.0,Universidad de La Serena,Chile,Americas,M,CO,HI,A,4.0,601,2.6,601,3.3,701,5.6,701,4.4,701.0,1.3,701.0,14.7,701.0,2.1,701,1.1,701.0,42.056250000000006
1465,1401.0,1300.5,Universidad de las Fuerzas Armadas ESPE (Ex - Escuela Politécnica del Ejército),Ecuador,Americas,L,CO,HI,A,6.1,601,3.9,601,10.6,701,1.3,701,2.7,701.0,1.1,701.0,11.0,701.0,4.5,701,1.1,701.0,42.056250000000006
1466,1401.0,1300.5,Universidad de Medellín,Colombia,Americas,M,SP,HI,C,6.5,601,3.2,601,7.9,701,2.2,701,2.7,701.0,1.8,701.0,5.9,701.0,7.8,701,1.1,701.0,42.056250000000006
1467,1401.0,1401.0,Universidad de Santander - UDES,Colombia,Americas,L,FO,MD,C,3.3,601,2.3,601,8.0,701,1.3,701,3.7,701.0,1.9,701.0,11.9,701.0,2.2,701,1.1,701.0,42.056250000000006
1468,1401.0,1401.0,Universidad de Sonora,Mexico,Americas,XL,CO,HI,A,3.6,601,1.6,601,4.4,701,1.8,701,3.4,701.0,1.5,701.0,9.2,701.0,2.1,701,1.0,701.0,42.056250000000006
1469,1401.0,1300.5,Universidad del Cauca,Colombia,Americas,L,CO,MD,A,7.9,601,2.0,601,5.3,701,1.7,701,21.7,573.0,1.1,701.0,11.8,701.0,4.5,701,1.0,701.0,42.056250000000006
1470,1401.0,1401.0,Universidad del Valle de Mexico (UVM),Mexico,Americas,XL,FC,LO,C,3.8,601,9.9,601,3.9,701,1.1,701,2.0,701.0,1.6,701.0,4.8,701.0,3.1,701,1.0,701.0,42.056250000000006
1471,1401.0,1401.0,Universidad Michoacana de San Nicolás de Hidalgo,Mexico,Americas,XL,FC,MD,A,4.1,601,1.8,601,2.5,701,2.0,701,30.62604242867593,530.4498902706657,25.733759772565744,531.8550106609808,14.0,701.0,1.5,701,1.0,701.0,42.056250000000006
1472,1401.0,1401.0,Universidad Nacional de Quilmes,Argentina,Americas,L,FO,HI,A,6.7,601,1.7,601,3.3,701,1.7,701,2.8,701.0,1.8,701.0,11.9,701.0,2.9,701,1.0,701.0,42.056250000000006
1473,1401.0,1401.0,Universidad Nacional de Tucumán,Argentina,Americas,XL,FC,MD,A,7.4,601,2.1,601,2.6,701,1.6,701,30.62604242867593,530.4498902706657,25.733759772565744,531.8550106609808,31.0,701.0,3.6,701,1.0,701.0,42.056250000000006
1474,1401.0,1300.5,Universidad Nacional del Comahue,Argentina,Americas,XL,FC,MD,A,5.1,601,2.4,601,20.4,661,1.3,701,30.62604242867593,530.4498902706657,25.733759772565744,531.8550106609808,13.1,701.0,2.1,701,1.2,701.0,42.056250000000006
1475,1401.0,1401.0,UNIVERSIDAD POLITECNICA SALESIANA,Ecuador,Americas,L,CO,HI,B,6.4,601,3.3,601,3.3,701,1.5,701,6.2,701.0,1.7,701.0,6.8,701.0,4.1,701,1.0,701.0,42.056250000000006
1476,1401.0,1300.5,Universidad Popular Autónoma del Estado de Puebla (UPAEP),Mexico,Americas,M,FO,HI,C,5.2,601,3.4,601,13.0,701,1.2,701,3.9,701.0,2.0,701.0,5.1,701.0,2.2,701,1.0,701.0,42.056250000000006
1477,1401.0,1300.5,Universidad San Ignacio de Loyola,Peru,Americas,L,FO,HI,B,6.1,601,9.0,601,2.0,701,1.5,701,4.1,701.0,1.6,701.0,7.6,701.0,3.7,701,1.3,701.0,42.056250000000006
1478,1401.0,1401.0,Universidad Tecnica Particular De Loja (UTPL),Ecuador,Americas,XL,FO,HI,B,6.0,601,2.3,601,1.4,701,1.6,701,7.9,701.0,1.9,701.0,15.7,701.0,4.6,701,1.5,701.0,42.056250000000006
1479,1401.0,1401.0,Universidad Tecnológica de Bolívar,Colombia,Americas,M,FO,HI,B,2.2,601,3.5,601,2.9,701,2.7,701,3.6,701.0,2.3,701.0,6.8,701.0,6.4,701,1.0,701.0,42.056250000000006
1480,1401.0,1300.5,"Universidad Tecnológica de la Habana José Antonio Echeverría, Cujae",Cuba,Americas,M,SP,LO,A,4.9,601,1.3,601,19.1,699,1.1,701,3.1,701.0,4.1,701.0,4.8,701.0,5.0,701,1.0,701.0,42.056250000000006
1481,1401.0,1401.0,Universidad Tecnológica de Pereira,Colombia,Americas,L,CO,MD,A,3.8,601,3.6,601,3.4,701,1.9,701,1.4,701.0,1.2,701.0,9.6,701.0,2.1,701,1.0,701.0,42.056250000000006
1482,1401.0,1300.5,Universidad Veracruzana,Mexico,Americas,XL,FO,VH,A,7.7,601,2.7,601,7.3,701,1.4,701,30.62604242867593,530.4498902706657,25.733759772565744,531.8550106609808,13.6,701.0,1.5,701,1.1,701.0,42.056250000000006
1483,1401.0,1401.0,Universidade do Estado de Santa Catarina,Brazil,Americas,XL,CO,HI,A,3.7,601,1.3,601,15.4,701,1.7,701,30.62604242867593,530.4498902706657,25.733759772565744,531.8550106609808,9.0,701.0,2.2,701,1.0,701.0,42.056250000000006
1484,1401.0,1401.0,Universidade Estadual de Londrina,Brazil,Americas,L,FC,HI,A,3.9,601,2.5,601,13.7,701,3.3,701,2.1,701.0,1.3,701.0,13.4,701.0,1.3,701,2.8,701.0,42.056250000000006
1485,1401.0,1401.0,Universidade Federal da Paraíba,Brazil,Americas,XL,CO,VH,A,4.1,601,2.5,601,7.3,701,3.1,701,2.5,701.0,1.1,701.0,40.8,701.0,1.3,701,1.1,701.0,42.056250000000006
1486,1401.0,1401.0,Universidade Federal de Goiás,Brazil,Americas,XL,CO,VH,A,3.8,601,1.3,601,6.8,701,4.2,701,3.5,701.0,1.2,701.0,32.7,701.0,1.3,701,1.3,701.0,42.056250000000006
1487,1401.0,1401.0,Universidade Federal de Uberlândia,Brazil,Americas,L,FC,HI,A,3.8,601,1.7,601,13.8,701,3.5,701,2.1,701.0,1.3,701.0,28.6,701.0,2.2,701,3.2,701.0,42.056250000000006
1488,1401.0,1401.0,Universidade Federal do Estado do Rio de Janeiro - UNIRIO,Brazil,Americas,L,FC,MD,A,2.9,601,2.0,601,8.1,701,2.1,701,30.62604242867593,530.4498902706657,25.733759772565744,531.8550106609808,8.6,701.0,1.5,701,1.0,701.0,42.056250000000006
1489,1401.0,1401.0,Universidade Federal do Parà - UFPA,Brazil,Americas,XL,FC,HI,A,3.6,601,1.7,601,6.3,701,2.6,701,2.5,701.0,1.1,701.0,35.4,701.0,1.3,701,1.9,701.0,42.056250000000006
1490,1401.0,1401.0,Universitas Andalas,Indonesia,Asia,XL,CO,HI,A,8.1,601,5.1,601,7.0,701,1.3,701,6.2,701.0,1.6,701.0,4.5,701.0,3.7,701,1.0,701.0,42.056250000000006
1491,1401.0,1401.0,Universitas Kristen Petra,Indonesia,Asia,M,FO,HI,C,7.1,601,5.2,601,7.8,701,1.6,701,3.2,701.0,1.1,701.0,6.0,701.0,2.5,701,1.0,701.0,42.056250000000006
1492,1401.0,1401.0,Universitas Muhammadiyah Surakarta,Indonesia,Asia,L,FO,HI,B,5.5,601,2.5,601,6.5,701,1.1,701,8.4,701.0,1.1,701.0,4.5,701.0,2.3,701,1.0,701.0,42.056250000000006
1493,1401.0,1300.5,Universiti Sains Islam Malaysia,Malaysia,Asia,M,CO,HI,A,6.6,601,2.5,601,8.8,701,1.9,701,8.4,701.0,6.1,701.0,12.5,701.0,3.3,701,1.0,701.0,42.056250000000006
1494,1401.0,1300.5,University of Central Oklahoma,United States,Americas,L,CO,MD,A,5.6,601,2.9,601,6.5,701,1.5,701,15.9,654.0,9.9,701.0,5.2,701.0,2.9,701,1.0,701.0,42.056250000000006
1495,1401.0,1401.0,University of Craiova,Romania,Europe,L,CO,HI,A,4.5,601,2.2,601,3.2,701,2.1,701,30.62604242867593,530.4498902706657,25.733759772565744,531.8550106609808,21.8,701.0,13.4,701,1.0,701.0,42.056250000000006
1497,1401.0,1401.0,University of Mataram,Indonesia,Asia,XL,FO,MD,A,6.4,601,1.7,601,3.8,701,1.1,701,1.5,701.0,1.0,701.0,3.7,701.0,2.2,701,1.0,701.0,42.056250000000006
1498,1401.0,1300.5,University of Montana Missoula ,United States,Americas,M,CO,HI,A,3.0,601,2.2,601,10.6,701,6.1,701,1.3,701.0,1.9,701.0,6.5,701.0,3.1,701,1.0,701.0,42.056250000000006
1499,1401.0,1401.0,University of Oradea,Romania,Europe,L,FC,MD,A,5.6,601,2.2,601,4.0,701,1.9,701,1.5,701.0,5.2,701.0,34.5,701.0,6.2,701,2.3,701.0,42.056250000000006
1500,1401.0,1300.5,University of San Carlos,Philippines,Asia,M,CO,MD,C,7.2,601,9.4,601,3.3,701,1.8,701,2.1,701.0,2.1,701.0,6.4,701.0,9.6,701,1.0,701.0,42.056250000000006
1501,1401.0,1401.0,"University Politehnica of Timisoara, UPT",Romania,Europe,L,FO,VH,A,4.1,601,4.2,601,7.2,701,3.9,701,1.4,701.0,2.5,701.0,18.6,701.0,3.9,701,1.1,701.0,42.056250000000006
